bin,avg_x,std_x,avg_y,std_y,sum_networth,sum_kills,sum_deaths,n_roshans,n_pushes,n_wards,hero_density,sum_networth_radiant,sum_networth_dire,net_worth_diff,abs_net_worth_diff,core_r_x,core_r_y,core_r_networth,core_r_kills,core_r_deaths,mid_r_x,mid_r_y,mid_r_networth,mid_r_kills,mid_r_deaths,hard_r_x,hard_r_y,hard_r_networth,hard_r_kills,hard_r_deaths,h_sup_r_x,h_sup_r_y,h_sup_r_networth,h_sup_r_kills,h_sup_r_deaths,sup_r_x,sup_r_y,sup_r_networth,sup_r_kills,sup_r_deaths,core_d_x,core_d_y,core_d_networth,core_d_kills,core_d_deaths,mid_d_x,mid_d_y,mid_d_networth,mid_d_kills,mid_d_deaths,hard_d_x,hard_d_y,hard_d_networth,hard_d_kills,hard_d_deaths,h_sup_d_x,h_sup_d_y,h_sup_d_networth,h_sup_d_kills,h_sup_d_deaths,sup_d_x,sup_d_y,sup_d_networth,sup_d_kills,sup_d_deaths,label,win
0,123.47573359999998,34.74691440731988,124.2554929,34.19704608349105,7163,1,1,0,0,4,8,3355,3808,-453,453,175.25293,87.34155,723.0,0.0,0.0,122.989746,121.84448,673.0,0.0,0.0,80.12549,157.42358,723.0,0.0,0.0,78.32666,158.57593,723.0,0.0,0.0,158.59863,82.051025,513.0,0.0,1.0,86.19507,172.43848,723.0,0.0,0.0,125.53174,127.069824,1093.0,1.0,0.0,154.04688,82.22925,723.0,0.0,0.0,145.31592,104.55664,736.0,0.0,0.0,108.37427,149.02417,533.0,0.0,0.0,gang,1
1,129.174123,38.51437322633361,129.371387,33.9126178468,7943,1,1,0,0,6,9,3797,4146,-349,349,178.73047,98.596924,853.0,0.0,0.0,120.920654,119.20386,833.0,0.0,0.0,95.749756,159.12354,925.0,0.0,0.0,89.37427,167.09521,678.0,0.0,0.0,168.53223,96.54419,508.0,0.0,1.0,85.80762,173.58496,890.0,0.0,0.0,122.931885,123.98291,1179.0,1.0,0.0,177.98853,100.600586,768.0,0.0,0.0,159.40479,88.14917,781.0,0.0,0.0,92.301025,166.83252,528.0,0.0,0.0,farm,1
2,131.8914069,39.38060094421945,126.4512204,29.17133569484396,8867,1,1,0,0,6,10,4234,4633,-399,399,180.61646,93.31128,1010.0,0.0,0.0,121.82056,121.18823,962.0,0.0,0.0,81.53345,134.94678,970.0,0.0,0.0,100.52783,160.26831,739.0,0.0,0.0,171.3042,96.84131,553.0,0.0,1.0,93.890625,161.68872,1057.0,0.0,0.0,122.68652,125.12329,1321.0,1.0,0.0,178.55078,103.35083,946.0,0.0,0.0,170.69507,98.173584,711.0,0.0,0.0,97.288574,169.61987,598.0,0.0,0.0,farm,1
3,125.2643078,42.927134846225854,116.5234612,32.57931873594313,9872,2,2,0,0,7,8,4621,5251,-630,630,168.04468,80.88721,1091.0,0.0,0.0,125.851074,123.99902,1046.0,0.0,0.0,81.35547,151.2395,1167.0,0.0,0.0,75.26514,77.312256,719.0,0.0,1.0,166.13965,94.694336,598.0,0.0,1.0,79.54297,162.17554,1167.0,0.0,0.0,122.490234,128.36572,1476.0,1.0,0.0,178.73853,91.81372,1026.0,0.0,0.0,170.54272,96.25073,791.0,0.0,0.0,84.67261,158.49658,791.0,1.0,0.0,farm,1
4,131.83659640000002,38.080206001819136,130.122046,34.945715950536204,10785,2,2,0,0,10,9,4934,5851,-917,917,174.80273,86.64697,1209.0,0.0,0.0,121.278076,123.40088,1167.0,0.0,0.0,100.87451,173.08545,1251.0,0.0,0.0,91.05444,163.00122,714.0,0.0,1.0,170.70435,93.2124,593.0,0.0,1.0,89.346924,167.2019,1368.0,0.0,0.0,125.07178,124.6792,1629.0,1.0,0.0,178.79541,100.6438,1172.0,0.0,0.0,171.30249,99.66431,816.0,0.0,0.0,95.135254,169.68433,866.0,1.0,0.0,farm,1
5,121.9303215,41.1119844404997,120.2683114,31.95392903412949,12121,2,2,0,0,10,8,5467,6654,-1187,1187,168.60767,80.71777,1395.0,0.0,0.0,117.48193,119.14307,1216.0,0.0,0.0,77.39331,149.15674,1362.0,0.0,0.0,84.78198,150.55396,850.0,0.0,1.0,163.3606,94.58569,644.0,0.0,1.0,76.71094,155.73096,1619.0,0.0,0.0,123.4353,124.615234,1870.0,1.0,0.0,171.32861,83.41089,1459.0,0.0,0.0,159.4331,86.54663,795.0,0.0,0.0,76.769775,158.22217,911.0,1.0,0.0,farm,1
6,123.7448234,31.23366836739219,120.4274914,36.58140847111229,13261,2,2,0,0,10,10,6186,7075,-889,889,157.64941,80.750244,1604.0,0.0,0.0,119.85571,121.72632,1344.0,0.0,0.0,90.698,157.97803,1638.0,0.0,0.0,93.711914,155.35059,917.0,0.0,1.0,159.1648,78.82886,683.0,0.0,1.0,90.26294,157.83838,1664.0,0.0,0.0,123.85571,123.8938,2105.0,1.0,0.0,152.11865,81.33667,1504.0,0.0,0.0,159.97241,83.58911,846.0,0.0,0.0,90.15869,162.98291,956.0,1.0,0.0,farm,1
7,127.1564205,40.67914085346324,122.726685,32.999370495097324,14481,2,2,0,0,10,8,6848,7633,-785,785,176.32983,95.960205,1848.0,0.0,0.0,116.95459,132.21289,1509.0,0.0,0.0,87.005615,165.70947,1843.0,0.0,0.0,66.91626,134.28516,962.0,0.0,1.0,171.54736,90.79883,686.0,0.0,1.0,85.8396,167.71387,1987.0,0.0,0.0,129.68262,123.10303,2271.0,1.0,0.0,177.98486,99.65576,1583.0,0.0,0.0,150.26807,69.825195,791.0,0.0,0.0,109.0354,148.00244,1001.0,1.0,0.0,farm,1
8,134.7709966,35.25171885981726,125.9691644,35.42106137669794,16113,3,3,0,0,10,9,7261,8852,-1591,1591,168.29541,75.87012,1971.0,0.0,0.0,120.492676,121.778564,1597.0,0.0,0.0,107.55176,164.82812,1998.0,0.0,0.0,84.88135,155.26123,1007.0,0.0,1.0,177.1643,87.77759,688.0,0.0,2.0,106.03711,168.30005,2256.0,0.0,0.0,127.24219,126.2207,2485.0,1.0,0.0,178.25049,99.40112,1884.0,0.0,0.0,170.69751,95.44751,1176.0,1.0,0.0,107.09717,164.80664,1051.0,1.0,0.0,farm,1
9,125.0805415,38.12104520580055,119.22732,29.04957891097653,16634,3,3,0,0,10,10,7509,9125,-1616,1616,168.83789,81.41675,2099.0,0.0,0.0,114.34033,126.783936,1722.0,0.0,0.0,84.4834,136.50757,1953.0,0.0,0.0,82.40405,136.80542,1002.0,0.0,1.0,162.05078,83.08862,733.0,0.0,2.0,85.39136,153.2793,2301.0,0.0,0.0,128.72363,158.98682,2611.0,1.0,0.0,175.20508,101.30298,2011.0,0.0,0.0,157.17578,86.601074,1171.0,1.0,0.0,92.193115,127.50073,1031.0,1.0,0.0,farm,1
10,130.28984350000002,37.551344826778845,113.3586915,28.96110058048728,18008,3,3,0,0,16,9,8174,9834,-1660,1660,167.97925,82.75415,2321.0,0.0,0.0,121.072266,117.94971,1894.0,0.0,0.0,80.10498,141.90088,2131.0,0.0,0.0,93.34448,124.69458,1046.0,0.0,1.0,166.28296,83.80176,782.0,0.0,2.0,85.748535,163.58203,2504.0,0.0,0.0,126.91235,124.075195,2850.0,1.0,0.0,171.43628,83.55322,2130.0,0.0,0.0,175.70752,81.87427,1324.0,1.0,0.0,114.309814,129.40112,1026.0,1.0,0.0,gang,1
11,124.046336,34.98180781963429,121.3238286,27.13631239595088,19858,3,3,0,0,18,8,9273,10585,-1312,1312,168.28076,79.75464,2661.0,0.0,0.0,111.74658,128.51172,2143.0,0.0,0.0,79.27026,149.25171,2465.0,0.0,0.0,108.63696,134.71118,1137.0,0.0,1.0,133.11523,92.32471,867.0,0.0,2.0,78.65698,160.18652,2689.0,0.0,0.0,117.6311,131.88452,3096.0,1.0,0.0,188.25464,88.739746,2362.0,0.0,0.0,140.35742,110.70044,1417.0,1.0,0.0,114.51343,137.1731,1021.0,1.0,0.0,gang,1
12,120.6987794,32.46675643100177,116.652173,24.20152592357628,21271,3,3,0,0,21,9,9966,11305,-1339,1339,166.79346,82.99414,2862.0,0.0,0.0,118.7749,121.13428,2378.0,0.0,0.0,67.22485,126.59888,2732.0,0.0,0.0,95.98999,135.66187,1132.0,0.0,1.0,123.82178,100.96411,862.0,0.0,2.0,87.591064,162.29028,2986.0,0.0,0.0,119.96973,123.70703,3228.0,1.0,0.0,172.43335,83.96118,2563.0,0.0,0.0,130.44629,104.54614,1462.0,1.0,0.0,123.94238,124.66382,1066.0,1.0,0.0,def,1
13,130.0668956,43.13298512077773,120.4012945,26.014562915717725,22834,3,3,0,0,21,7,10689,12145,-1456,1456,161.02881,80.917725,3031.0,0.0,0.0,119.21582,121.98535,2578.0,0.0,0.0,67.1416,135.53833,2974.0,0.0,0.0,77.20215,134.49927,1199.0,0.0,1.0,145.27466,90.7312,907.0,0.0,2.0,79.319336,155.2898,3330.0,0.0,0.0,143.21411,116.63965,3359.0,1.0,0.0,174.4336,92.54907,2804.0,0.0,0.0,191.91309,120.61865,1507.0,1.0,0.0,141.92578,155.2439,1145.0,1.0,0.0,farm,1
14,130.89811939999998,33.56445032266913,117.9749765,32.05423489266695,24324,3,3,0,0,25,10,11344,12980,-1636,1636,169.71973,82.19824,3191.0,0.0,0.0,113.01611,100.25195,2728.0,0.0,0.0,84.38208,140.06055,3271.0,0.0,0.0,93.57422,144.2627,1188.0,0.0,1.0,160.9165,82.838135,966.0,0.0,2.0,96.19141,165.16895,3664.0,0.0,0.0,132.80444,154.18042,3639.0,1.0,0.0,173.7854,86.03003,2963.0,0.0,0.0,158.83398,94.79297,1552.0,1.0,0.0,125.757324,129.96582,1162.0,1.0,0.0,gang,1
15,125.9207506,26.55276898706112,121.4234602,30.321499747894123,25993,3,3,0,0,26,9,12066,13927,-1861,1861,165.13672,80.83447,3440.0,0.0,0.0,131.35742,112.48242,2915.0,0.0,0.0,91.19946,134.51904,3506.0,0.0,0.0,108.079346,127.572266,1153.0,0.0,1.0,131.24512,108.242676,1052.0,0.0,2.0,85.06201,187.33398,3792.0,0.0,0.0,114.79907,147.83691,3950.0,1.0,0.0,160.49951,90.74365,3173.0,0.0,0.0,131.6018,109.5271,1640.0,1.0,0.0,140.22705,115.14209,1372.0,1.0,0.0,farm,1
16,128.2937756,28.458626450094453,123.693384,29.36825488772195,28105,4,4,0,0,26,9,13465,14640,-1175,1175,168.11377,82.86987,3650.0,0.0,0.0,120.73389,118.28467,3422.0,1.0,0.0,96.09009,129.54468,3870.0,0.0,0.0,106.67627,127.44409,1374.0,0.0,1.0,122.663086,101.92041,1149.0,0.0,2.0,89.87134,161.03027,4080.0,0.0,0.0,129.65479,130.01929,4031.0,1.0,0.0,144.63354,80.05249,3426.0,0.0,0.0,176.92017,168.719,1686.0,1.0,1.0,127.58081,137.04907,1417.0,1.0,0.0,gang,1
17,108.8755135,25.86172092421421,123.783935,23.46665110817252,31329,6,6,0,0,27,9,14905,16424,-1519,1519,171.66138,85.50537,4001.0,0.0,0.0,98.41138,128.8667,3765.0,2.0,0.0,92.99097,124.95654,4283.0,0.0,1.0,97.15845,131.59326,1602.0,0.0,1.0,102.259766,132.75977,1254.0,0.0,2.0,86.536865,155.86523,4608.0,0.0,0.0,103.809814,134.80444,4585.0,1.0,0.0,136.70312,78.85791,3752.0,0.0,0.0,105.26099,134.26123,1786.0,1.0,1.0,93.9624,130.3689,1693.0,2.0,1.0,gang,1
18,116.535694,21.6576226546644,126.4464344,15.403897399571685,32988,8,8,0,0,27,10,15922,17066,-1144,1144,166.16968,94.88989,4341.0,0.0,0.0,119.57349,121.27319,3917.0,2.0,0.0,113.26196,123.74487,4435.0,0.0,1.0,101.640625,127.21973,1711.0,0.0,2.0,114.19263,120.52905,1518.0,1.0,2.0,79.48486,155.7522,4808.0,0.0,0.0,115.64868,140.2749,4453.0,1.0,1.0,120.21094,123.81128,4136.0,1.0,0.0,109.796875,130.02148,1931.0,1.0,1.0,125.3772,126.947754,1738.0,2.0,1.0,team_fight,1
19,118.6458256,35.97803506860245,130.5373545,21.75281297275755,34864,9,9,0,0,27,8,16856,18008,-1152,1152,175.82935,101.92554,4609.0,0.0,0.0,110.909424,114.967285,4052.0,2.0,0.0,98.920166,133.96143,4570.0,0.0,1.0,75.49951,140.25635,1807.0,0.0,2.0,108.64014,115.98706,1818.0,2.0,2.0,79.67627,154.95752,5162.0,0.0,0.0,120.59497,118.89453,4566.0,1.0,1.0,117.15283,119.48877,4473.0,1.0,0.0,185.15625,175.53125,1928.0,1.0,2.0,114.079346,129.40381,1879.0,2.0,1.0,push,1
20,130.4358635,33.05930249077272,118.769604,33.07060235587847,36547,9,9,0,0,27,7,17818,18729,-911,911,157.85693,84.01831,4918.0,0.0,0.0,128.39868,115.44922,4306.0,2.0,0.0,83.748535,158.79468,4735.0,0.0,1.0,74.16406,77.86548,1889.0,0.0,2.0,130.6726,109.259766,1970.0,2.0,2.0,113.21802,179.97192,5546.0,0.0,0.0,141.8335,131.63037,4785.0,1.0,1.0,170.80542,90.78906,4468.0,1.0,0.0,171.35474,103.197754,2106.0,1.0,2.0,132.30615,136.71948,1824.0,2.0,1.0,def,1
21,132.876684,30.72325924643521,111.3464851,28.21257441066745,38452,9,9,0,0,28,9,18622,19830,-1208,1208,170.7019,82.32422,5087.0,0.0,0.0,119.835205,110.75122,4427.0,2.0,0.0,104.122314,125.273926,4980.0,0.0,1.0,112.338135,120.796875,2113.0,0.0,2.0,161.89111,83.2854,2015.0,2.0,2.0,85.93091,174.97925,5843.0,0.0,0.0,120.98804,118.494385,5209.0,1.0,1.0,172.43774,88.4834,4722.0,1.0,0.0,160.06714,88.1897,2151.0,1.0,2.0,120.454346,120.886475,1905.0,2.0,1.0,split-push,1
22,130.331861,33.70384898850293,118.203247,32.93016891761921,40374,9,9,0,1,30,8,19385,20989,-1604,1604,164.4231,64.61426,5331.0,0.0,0.0,120.37256,111.94653,4632.0,2.0,0.0,93.94873,128.63208,5128.0,0.0,1.0,80.88623,148.6792,2235.0,0.0,2.0,151.23657,91.62842,2059.0,2.0,2.0,85.83276,163.22217,6260.0,0.0,0.0,138.1438,154.78491,5556.0,1.0,1.0,173.62964,85.18579,4885.0,1.0,0.0,158.74634,98.70996,2248.0,1.0,2.0,136.09888,134.62915,2040.0,2.0,1.0,def,1
23,131.2707046,20.31362279474908,120.5968266,28.17280526522553,42705,9,9,0,1,32,9,20487,22218,-1731,1731,162.77734,75.33472,5568.0,0.0,0.0,131.10352,125.87842,4775.0,2.0,0.0,125.18506,123.76221,5608.0,0.0,1.0,117.509766,118.588135,2396.0,0.0,2.0,135.67725,119.940186,2140.0,2.0,2.0,85.29639,174.76685,6623.0,0.0,0.0,132.94995,139.89282,5779.0,1.0,1.0,144.25244,80.789795,5257.0,1.0,0.0,144.95679,115.02075,2299.0,1.0,2.0,132.99854,131.99438,2260.0,2.0,1.0,gang,1
24,131.2845454,29.144404921541565,117.254199,25.04894020480017,45495,12,12,0,1,34,9,21413,24082,-2669,2669,178.09375,92.56836,6075.0,0.0,0.0,123.91406,118.71338,4786.0,2.0,1.0,94.93848,133.40283,5724.0,0.0,1.0,78.8916,153.94287,2695.0,1.0,2.0,121.305664,109.87207,2133.0,2.0,3.0,131.46826,147.07129,7282.0,0.0,0.0,146.78467,115.97046,6298.0,2.0,1.0,156.87988,91.15112,5693.0,2.0,0.0,149.66797,77.55615,2397.0,1.0,2.0,130.90112,132.29346,2412.0,2.0,2.0,team_fight,1
25,134.02324149999998,33.69210853343225,119.938135,38.7564953886159,47442,12,12,0,1,34,9,22123,25319,-3196,3196,138.04858,65.68262,6263.0,0.0,0.0,106.71924,127.42334,4997.0,2.0,1.0,93.79541,132.85913,5845.0,0.0,1.0,165.75,75.25,2863.0,1.0,2.0,85.70825,167.9375,2155.0,2.0,3.0,110.825195,161.05664,7641.0,0.0,0.0,174.5708,162.94556,6657.0,2.0,1.0,160.04736,85.19116,6002.0,2.0,0.0,174.31299,86.79248,2502.0,1.0,2.0,130.45459,134.24292,2517.0,2.0,2.0,farm,1
26,114.1598876,36.59732631827182,139.33918450000002,42.15255196204314,48932,12,12,0,1,37,8,23055,25877,-2822,2822,142.40552,94.91748,6527.0,0.0,0.0,100.84888,142.07056,5219.0,2.0,1.0,81.64282,169.55518,5960.0,0.0,1.0,87.19531,163.78906,3109.0,1.0,2.0,79.20557,170.08203,2240.0,2.0,3.0,97.871826,187.83545,7785.0,0.0,0.0,182.64429,75.84863,6605.0,2.0,1.0,156.67236,80.303955,6224.0,2.0,0.0,82.11572,179.26758,2450.0,1.0,2.0,130.99658,129.72192,2813.0,2.0,2.0,split-push,1
27,101.776415,34.43337536684406,125.2361325,32.89585939971517,50754,12,12,0,1,40,9,24070,26684,-2614,2614,107.96631,66.56885,6820.0,0.0,0.0,109.77588,135.3938,5602.0,2.0,1.0,79.38281,135.47607,6087.0,0.0,1.0,66.44873,130.96875,3074.0,1.0,2.0,64.23901,141.37549,2487.0,2.0,3.0,82.36328,166.51367,8150.0,0.0,0.0,139.70288,109.82031,6652.0,2.0,1.0,159.16626,78.967285,6474.0,2.0,0.0,70.53784,166.40283,2544.0,1.0,2.0,138.18115,120.87427,2864.0,2.0,2.0,split-push,1
28,110.0978505,29.544835686313967,129.56560140000002,35.108775419536954,53773,12,12,0,2,40,8,25376,28397,-3021,3021,137.49536,91.87305,7220.0,0.0,0.0,106.609375,123.86133,5898.0,2.0,1.0,87.1416,146.406,6435.0,0.0,1.0,76.77368,77.17285,3121.0,1.0,2.0,84.95337,159.45508,2702.0,2.0,3.0,82.78613,180.32935,8510.0,0.0,0.0,139.07861,133.24097,7122.0,2.0,1.0,158.87451,85.740234,6897.0,2.0,0.0,93.21753,164.08911,2686.0,1.0,2.0,134.04834,133.48804,3182.0,2.0,2.0,farm,1
29,96.897071,35.12166248227911,142.356029,32.18516428101117,55711,13,13,0,2,41,8,26096,29615,-3519,3519,166.73242,79.37744,7554.0,0.0,0.0,81.86182,154.57007,5913.0,2.0,1.0,78.63721,152.04932,6488.0,0.0,1.0,81.02344,169.6997,3169.0,1.0,3.0,69.965576,156.37402,2972.0,2.0,3.0,83.166504,165.55493,8977.0,1.0,0.0,80.329834,150.52124,7297.0,2.0,1.0,159.26758,85.4104,7214.0,2.0,0.0,83.00781,155.96411,2851.0,1.0,2.0,84.978516,154.03906,3276.0,2.0,2.0,team_fight,1
30,107.499733,35.32768091015644,136.152589,37.96286319047763,58177,14,14,0,3,43,8,26565,31612,-5047,5047,148.43604,64.39136,7931.0,0.0,0.0,84.3479,146.17847,5928.0,2.0,2.0,124.958496,123.57349,6435.0,0.0,1.0,81.02344,169.6997,3302.0,1.0,3.0,180.63892,84.52466,2969.0,2.0,3.0,86.615234,161.1919,9983.0,2.0,0.0,97.65991,132.16089,7564.0,2.0,1.0,74.66138,177.78076,7381.0,2.0,0.0,119.37427,129.1731,3208.0,1.0,2.0,77.28174,172.85156,3476.0,2.0,2.0,team_fight,1
31,153.505737,23.772281811814665,109.816845,20.74903831392568,59731,14,14,0,3,45,10,27316,32415,-5099,5099,135.42236,121.23535,8098.0,0.0,0.0,136.33887,122.64502,5976.0,2.0,2.0,127.63306,122.5061,6855.0,0.0,1.0,133.1018,120.51196,3300.0,1.0,3.0,195.92822,85.2124,3087.0,2.0,3.0,174.28516,94.57153,10031.0,2.0,0.0,141.771,145.0669,7964.0,2.0,1.0,166.25732,80.278076,7640.0,2.0,0.0,143.48999,114.48169,3256.0,1.0,2.0,180.82959,91.659424,3524.0,2.0,2.0,farm,1
32,146.037476,50.40813893930378,96.3170661,33.95568090287494,61632,15,15,0,4,45,7,28476,33156,-4680,4680,142.56104,79.22534,8483.0,0.0,0.0,92.029785,148.32812,6239.0,2.0,2.0,77.18652,132.60645,7157.0,0.0,1.0,67.035645,119.3728,3453.0,1.0,3.0,192.24927,67.806885,3144.0,2.0,4.0,189.30469,64.791016,10284.0,3.0,0.0,140.48193,138.25562,8168.0,2.0,1.0,187.61816,67.58301,7972.0,2.0,0.0,184.51685,69.86304,3303.0,1.0,2.0,187.39087,75.33838,3429.0,2.0,2.0,gang,1
33,123.3198975,29.85137200755839,112.2438716,37.88978098224276,66634,15,15,0,4,46,8,29961,36673,-6712,6712,123.37378,64.79199,8901.0,0.0,0.0,110.96924,173.92749,6739.0,2.0,2.0,95.30957,132.78271,7406.0,0.0,1.0,112.741455,96.785645,3724.0,1.0,3.0,95.42578,130.22388,3191.0,2.0,4.0,154.09912,81.718506,10879.0,3.0,0.0,147.54883,116.511475,8834.0,2.0,1.0,81.19165,162.71875,8268.0,2.0,0.0,137.39844,65.82617,3641.0,1.0,2.0,175.14111,97.1521,5051.0,2.0,2.0,farm,1
34,124.0941897,33.255402159994425,121.8864736,32.399512625143345,69641,16,16,0,4,46,9,30984,38657,-7673,7673,130.23193,68.39917,9022.0,0.0,1.0,104.67676,163.86938,7032.0,2.0,2.0,118.718506,122.50513,7754.0,0.0,1.0,92.323975,132.08252,3937.0,1.0,3.0,89.51758,150.58325,3239.0,2.0,4.0,156.9502,89.653076,11403.0,3.0,0.0,130.82568,106.90576,9075.0,2.0,1.0,86.697266,167.20117,8707.0,2.0,0.0,139.49463,97.90991,4185.0,2.0,2.0,191.50537,119.75537,5287.0,2.0,2.0,gang,1
35,129.95603,22.626641908752905,117.4480966,24.994384655152533,72357,18,18,0,4,48,9,32051,40306,-8255,8255,130.23193,68.39917,9069.0,0.0,1.0,119.60962,130.10742,7309.0,2.0,2.0,71.07129,74.82056,8145.0,1.0,2.0,126.85791,136.29541,4163.0,1.0,3.0,137.22485,117.71973,3365.0,2.0,4.0,145.55322,134.38086,12185.0,4.0,0.0,144.69922,136.76465,9134.0,2.0,2.0,134.29541,128.73218,9043.0,2.0,0.0,140.6438,126.82373,4541.0,2.0,2.0,149.37305,120.437256,5403.0,2.0,2.0,team_fight,1
36,127.6934095,35.68182049706891,124.261085,34.98459807705043,73321,18,18,0,4,52,7,32718,40603,-7885,7885,114.2771,134.19287,9425.0,0.0,1.0,138.7771,82.28345,7340.0,2.0,2.0,71.07129,74.82056,8256.0,1.0,2.0,72.34717,75.55005,4172.0,1.0,3.0,106.835205,136.68921,3525.0,2.0,4.0,171.802,127.82666,12402.0,4.0,0.0,144.69922,136.76465,9181.0,2.0,2.0,139.59766,156.52783,9090.0,2.0,0.0,167.25928,175.74463,4530.0,2.0,2.0,150.26807,142.21094,5400.0,2.0,2.0,farm,1
37,112.0675785,29.71341970166922,144.611694,37.72916317560939,76033,18,18,0,5,52,8,34328,41705,-7377,7377,95.16138,167.56445,10057.0,0.0,1.0,88.81055,186.21802,7725.0,2.0,2.0,109.82422,113.15405,8394.0,1.0,2.0,74.60669,78.12891,4489.0,1.0,3.0,86.05835,178.76685,3663.0,2.0,4.0,177.41919,101.2832,12736.0,4.0,0.0,120.18115,174.84717,9314.0,2.0,2.0,127.43359,135.28882,9504.0,2.0,0.0,108.012695,176.22607,4578.0,2.0,2.0,133.16797,134.6394,5573.0,2.0,2.0,split-push,1
38,87.7176033,3.551307227087704,161.305151,4.766723264268759,76801,18,18,0,5,55,10,34708,42093,-7385,7385,87.31714,156.40161,10187.0,0.0,1.0,81.146484,156.72412,7827.0,2.0,2.0,92.733154,162.43506,8643.0,1.0,2.0,87.191895,155.82129,4441.0,1.0,3.0,87.66919,156.00342,3610.0,2.0,4.0,83.60181,168.9331,12989.0,4.0,0.0,90.11963,165.88428,9361.0,2.0,2.0,87.79346,161.95288,9551.0,2.0,0.0,87.21997,165.03076,4702.0,2.0,2.0,92.3833,163.86499,5490.0,2.0,2.0,team_fight,1
39,110.0212399,26.17483229519889,141.6185305,33.45263205175029,78561,19,19,0,5,57,9,35919,42642,-6723,6723,93.51074,131.55371,10616.0,0.0,1.0,121.23193,136.01465,8204.0,3.0,2.0,114.39038,132.29614,8815.0,1.0,2.0,120.88013,124.41846,4651.0,1.0,3.0,118.58203,133.64526,3633.0,2.0,4.0,170.6626,67.703125,13286.0,4.0,0.0,104.887695,171.4419,9378.0,2.0,2.0,80.99097,162.24683,9698.0,2.0,0.0,87.382324,177.07617,4600.0,2.0,3.0,87.6936,179.78906,5680.0,2.0,2.0,farm,1
40,131.417408,28.86434690596873,118.6366208,18.62804817775945,81087,19,19,0,5,57,9,36652,44435,-7783,7783,83.86963,134.10303,11068.0,0.0,1.0,140.3523,107.52954,8251.0,3.0,2.0,140.98535,107.562744,8862.0,1.0,2.0,76.56836,78.500244,4851.0,1.0,3.0,141.12378,108.95068,3620.0,2.0,4.0,157.41406,120.98877,13720.0,4.0,0.0,137.47949,134.17676,9789.0,2.0,2.0,124.6062,142.29321,10234.0,2.0,0.0,157.76099,123.47534,4787.0,2.0,3.0,154.01392,128.78589,5905.0,2.0,2.0,farm,1
41,115.387305,29.4633415174994,91.1935555,18.907975050971668,84431,19,19,0,5,60,10,38484,45947,-7463,7463,67.501465,122.625,11722.0,0.0,1.0,105.31592,109.021484,8570.0,3.0,2.0,134.50928,64.10254,9258.0,1.0,2.0,70.835205,74.758545,5088.0,1.0,3.0,107.62695,102.17383,3846.0,2.0,4.0,157.89966,85.98682,14595.0,4.0,0.0,134.95703,88.17261,10152.0,2.0,2.0,109.965576,104.450195,10480.0,2.0,0.0,142.45923,67.305176,4831.0,2.0,3.0,122.802734,93.339355,5889.0,2.0,2.0,gang,1
42,124.462987,9.91449231421139,83.4117685,7.468740439380231,87072,21,21,0,5,60,10,39951,47121,-7170,7170,123.2688,80.75049,12003.0,0.0,1.0,127.56543,77.571045,9269.0,4.0,2.0,116.12915,69.93262,9282.0,1.0,3.0,119.1709,79.79126,5340.0,1.0,3.0,115.79297,79.70874,4057.0,2.0,4.0,138.78906,89.21094,15073.0,4.0,0.0,107.46484,81.69385,10348.0,3.0,3.0,128.3894,92.1416,10528.0,2.0,0.0,136.07446,90.3313,5114.0,2.0,3.0,131.98486,92.98584,6058.0,2.0,2.0,team_fight,1
43,118.4073486,19.295019020615133,118.1986569,19.93953043111253,88519,21,21,0,5,61,10,40727,47792,-7065,7065,121.34375,124.609375,12331.0,0.0,1.0,119.05005,128.9563,9367.0,4.0,2.0,76.739746,79.58276,9329.0,1.0,3.0,104.02344,127.27734,5425.0,1.0,3.0,118.99609,123.791504,4275.0,2.0,4.0,148.46973,127.95923,15355.0,4.0,0.0,107.46484,81.69385,10395.0,3.0,3.0,126.01001,129.64404,10848.0,2.0,0.0,131.42651,126.58716,5081.0,2.0,3.0,130.54932,131.88501,6113.0,2.0,2.0,team_fight,1
44,156.261232,8.655413071540583,148.71738299999998,9.475703056917087,91029,23,23,0,5,61,10,43414,47615,-4201,4201,154.84546,149.59058,13321.0,2.0,1.0,151.49976,144.50732,9834.0,4.0,2.0,152.4021,153.36353,9856.0,1.0,3.0,149.27295,141.354,5671.0,1.0,3.0,154.9624,143.85889,4732.0,2.0,4.0,143.17627,138.19946,15018.0,4.0,1.0,158.59546,162.8064,10442.0,3.0,3.0,171.58423,161.76367,10895.0,2.0,0.0,169.3877,136.00098,5128.0,2.0,3.0,156.88599,155.729,6132.0,2.0,3.0,team_fight,1
45,143.431494,21.78718628864845,118.7311272,26.95075946166192,92460,23,23,0,5,63,9,43962,48498,-4536,4536,148.6604,106.45166,13369.0,2.0,1.0,151.68896,106.090576,10091.0,4.0,2.0,144.79395,104.482666,9904.0,1.0,3.0,126.25537,99.62012,5948.0,1.0,3.0,147.2893,103.07446,4650.0,2.0,4.0,143.17627,138.19946,15066.0,4.0,1.0,90.03418,173.28027,10959.0,3.0,3.0,169.28052,99.13306,11056.0,2.0,0.0,156.25,101.25,5200.0,2.0,3.0,156.88599,155.729,6217.0,2.0,3.0,push,1
46,132.340307,32.0123770085669,118.012645,36.888856350321205,95542,24,24,1,5,64,7,46272,49270,-2998,2998,147.97192,80.956055,14498.0,3.0,1.0,137.63306,128.17773,10380.0,4.0,2.0,117.086426,100.2749,10193.0,1.0,3.0,65.90112,131.9414,6262.0,1.0,3.0,145.86328,78.14551,4939.0,2.0,4.0,142.81104,147.28906,14900.0,4.0,1.0,104.32544,188.09985,11488.0,3.0,3.0,185.09253,74.223145,11463.0,2.0,0.0,151.9851,104.61328,5117.0,2.0,4.0,124.733154,146.40552,6302.0,2.0,3.0,Roshan,1
47,140.2307605,35.86786452680623,135.423388,25.340402644860564,98627,24,24,1,6,65,9,48021,50606,-2585,2585,172.78638,109.93286,15250.0,3.0,1.0,133.57153,115.553955,10713.0,4.0,2.0,127.24194,116.157715,10448.0,1.0,3.0,107.443115,127.22754,6684.0,1.0,3.0,156.62988,105.89624,4926.0,2.0,4.0,86.927,165.28613,15707.0,4.0,1.0,168.42358,178.2102,11714.0,3.0,3.0,187.55249,133.28247,11685.0,2.0,0.0,169.01538,161.10303,5164.0,2.0,4.0,92.71631,141.58374,6336.0,2.0,3.0,split-push,1
48,130.986524,34.60279032482149,136.107324,9.000499433847734,100499,24,24,1,7,72,10,49306,51193,-1887,1887,156.37134,128.42627,15765.0,3.0,1.0,92.44922,140.90088,11122.0,4.0,2.0,158.22583,132.90112,10606.0,1.0,3.0,94.78418,133.1753,6779.0,1.0,3.0,152.22437,125.03735,5034.0,2.0,4.0,86.21655,155.58154,15939.0,4.0,1.0,154.70581,127.88623,11762.0,3.0,3.0,174.41748,141.49707,11988.0,2.0,0.0,147.24121,134.3811,5212.0,2.0,4.0,93.22925,141.28638,6292.0,2.0,3.0,push,1
49,128.8463385,28.31119545963458,152.934033,20.503303250069,103156,25,25,1,7,73,9,51444,51712,-268,268,140.14233,142.53369,16134.0,3.0,1.0,112.6543,160.35205,11748.0,5.0,2.0,118.66211,156.82495,10729.0,1.0,3.0,141.26758,130.90552,7676.0,1.0,3.0,129.76294,149.8833,5157.0,2.0,4.0,71.22388,183.48438,16229.0,4.0,1.0,176.25244,168.23901,11903.0,3.0,3.0,149.56787,128.57715,12105.0,2.0,0.0,140.73804,128.32617,5259.0,2.0,4.0,108.191895,180.21411,6216.0,2.0,4.0,team_fight,1
50,159.005933,18.190206562727983,144.8712636,33.918479619585945,105756,26,26,1,8,74,9,53095,52661,434,434,160.1106,154.18774,16415.0,3.0,1.0,152.33057,158.10156,11806.0,5.0,2.0,152.58447,155.87476,11302.0,1.0,3.0,157.8457,150.96948,7914.0,1.0,3.0,152.32129,152.36792,5658.0,3.0,4.0,166.41699,66.2146,16666.0,4.0,1.0,128.8269,187.30981,12059.0,3.0,3.0,191.73853,127.947266,12538.0,2.0,0.0,144.4607,119.71338,5176.0,2.0,5.0,183.42358,176.02612,6222.0,2.0,4.0,gang,1
51,160.26496600000002,6.72716774096267,157.095019,4.3325369813038535,108033,26,26,1,9,74,10,54800,53233,1567,1567,159.79224,155.90161,17164.0,3.0,1.0,152.56445,156.41675,12068.0,5.0,2.0,152.07104,153.88086,11564.0,1.0,3.0,158.43091,149.7915,8084.0,1.0,3.0,152.06714,152.35693,5920.0,3.0,4.0,163.90674,162.15283,17004.0,4.0,1.0,171.02417,159.94873,12106.0,3.0,3.0,159.57031,157.08936,12550.0,2.0,0.0,166.66089,160.1748,5223.0,2.0,5.0,166.56177,163.23682,6350.0,2.0,4.0,push,1
52,143.797364,15.006898695118858,149.487011,14.43771755442086,109206,26,26,1,9,75,10,55365,53841,1524,1524,140.07202,147.7168,17298.0,3.0,1.0,140.9209,148.3352,12324.0,5.0,2.0,134.1753,143.25293,11611.0,1.0,3.0,140.6897,143.09692,8215.0,1.0,3.0,136.77734,143.19629,5917.0,3.0,4.0,159.13013,157.37476,16990.0,4.0,1.0,155.47192,161.27417,12226.0,3.0,3.0,156.20874,119.60498,12970.0,2.0,0.0,112.34009,174.01782,5220.0,2.0,5.0,162.1875,157.00024,6435.0,2.0,4.0,def,1
53,163.083765,8.82420633514331,156.469264,5.5905579408801245,113103,30,30,1,9,75,10,58027,55076,2951,2951,169.87842,157.57007,18078.0,4.0,1.0,159.59448,154.70557,12717.0,5.0,2.0,162.93799,155.56348,12297.0,2.0,3.0,153.14111,147.99927,8268.0,1.0,4.0,154.86914,154.33228,6667.0,4.0,4.0,165.32935,160.34912,16892.0,4.0,2.0,176.78662,169.53613,12812.0,4.0,3.0,151.21094,155.09326,13150.0,2.0,0.0,174.97437,156.5586,5702.0,2.0,6.0,162.11523,152.98486,6520.0,2.0,5.0,team_fight,1
54,151.40214999999998,22.64263150798609,154.266212,13.988579530392965,116563,31,31,1,10,75,10,61335,55228,6107,6107,175.24512,152.42773,19122.0,4.0,1.0,121.18994,164.7456,13583.0,5.0,2.0,135.2539,138.01294,13118.0,2.0,3.0,135.5669,135.44385,7900.0,1.0,4.0,164.54126,147.69434,7612.0,5.0,4.0,165.32935,160.34912,17123.0,4.0,2.0,119.7605,175.32544,12880.0,4.0,3.0,145.10132,140.3335,12869.0,2.0,1.0,174.97437,156.5586,5750.0,2.0,6.0,177.05884,171.771,6606.0,2.0,5.0,push,1
55,160.944215,13.160398779997552,150.82085,10.642058308656486,119856,31,31,1,10,76,10,64217,55639,8578,8578,140.19434,148.29736,19988.0,4.0,1.0,168.62134,144.98486,14036.0,5.0,2.0,179.65161,135.74268,13737.0,2.0,3.0,155.31567,148.72339,8391.0,1.0,4.0,147.29834,141.71509,8065.0,5.0,4.0,165.32935,160.34912,17171.0,4.0,2.0,169.91553,161.43848,13112.0,4.0,3.0,145.10132,140.3335,12917.0,2.0,1.0,172.22241,158.91748,5798.0,2.0,6.0,165.79224,167.70654,6641.0,2.0,5.0,push,1
56,141.065257,34.2764848817644,137.2929189,23.29030867696789,121627,31,31,1,10,76,9,64746,56881,7865,7865,127.28027,124.01611,20248.0,4.0,1.0,103.42651,141.65527,14184.0,5.0,2.0,139.57324,117.91162,13664.0,2.0,3.0,105.03369,139.32397,8587.0,1.0,4.0,102.95654,134.3125,8063.0,5.0,4.0,167.56909,133.1687,17674.0,4.0,2.0,180.531,125.329834,13320.0,4.0,3.0,121.55127,190.92456,13012.0,2.0,1.0,194.1211,108.373535,5986.0,2.0,6.0,168.60986,157.91309,6889.0,2.0,5.0,def,1
57,140.1087145,23.99838831745425,151.615894,32.23330861025015,124297,31,31,1,10,78,9,66319,57978,8341,8341,112.06079,174.14966,20937.0,4.0,1.0,123.88672,163.53369,14585.0,5.0,2.0,120.849365,162.28369,13794.0,2.0,3.0,114.39087,170.22974,8755.0,1.0,4.0,132.54077,157.57324,8248.0,5.0,4.0,179.14111,114.48511,18089.0,4.0,2.0,158.70288,156.27881,13512.0,4.0,3.0,132.156,186.20337,13336.0,2.0,1.0,163.99341,76.78638,6034.0,2.0,6.0,163.36523,154.63525,7007.0,2.0,5.0,push,1
58,151.28627799999998,6.9052351708054704,175.089086,3.218274424274253,125726,31,31,1,11,81,10,67547,58179,9368,9368,151.39893,175.6001,21342.0,4.0,1.0,143.31738,179.21313,14850.0,5.0,2.0,144.45972,170.21973,13953.0,2.0,3.0,145.01611,174.38477,8885.0,1.0,4.0,143.4497,170.69067,8517.0,5.0,4.0,159.14014,176.38037,18190.0,4.0,2.0,151.65405,175.63525,13480.0,4.0,3.0,160.09741,172.08618,13384.0,2.0,1.0,154.95898,178.70752,6082.0,2.0,6.0,159.37036,177.97314,7043.0,2.0,5.0,def,1
59,152.019555,5.7412235570211445,173.129516,1.869916322003029,128375,31,31,1,12,82,10,69220,59155,10065,10065,153.03735,173.64087,22090.0,4.0,1.0,150.06909,175.4143,15113.0,5.0,2.0,142.60498,170.44922,14216.0,2.0,3.0,148.05298,170.38403,9121.0,1.0,4.0,144.98291,176.05908,8680.0,5.0,4.0,160.42749,172.0647,18650.0,4.0,2.0,153.58325,174.14429,13525.0,4.0,3.0,153.79907,173.22583,13524.0,2.0,1.0,154.03052,172.48169,6283.0,2.0,6.0,159.60791,173.43115,7173.0,2.0,5.0,push,1
60,140.146557,28.47239839746949,149.217726,28.66171015018438,129809,32,32,1,12,83,9,71244,58565,12679,12679,122.56445,163.03589,22623.0,4.0,1.0,134.68823,138.2544,15486.0,5.0,2.0,139.4082,161.71729,14540.0,2.0,3.0,73.96045,76.99463,9653.0,2.0,4.0,131.2185,147.15796,8942.0,5.0,4.0,146.12427,182.25098,19035.0,4.0,2.0,176.89062,148.96729,12295.0,4.0,4.0,156.91553,144.23242,13673.0,2.0,1.0,164.99512,157.53857,6352.0,2.0,6.0,154.7002,172.02783,7210.0,2.0,5.0,team_fight,1
61,153.42614840000002,16.67567340082282,145.0383056,20.196955739329912,131530,32,32,1,12,83,10,71778,59752,12026,12026,112.416504,159.20337,22714.0,4.0,1.0,155.2876,120.01245,15741.0,5.0,2.0,151.68994,122.15918,14590.0,2.0,3.0,150.00171,125.961426,9741.0,2.0,4.0,150.15137,123.61548,8992.0,5.0,4.0,155.48853,173.8086,19656.0,4.0,2.0,170.27808,153.19897,12412.0,4.0,4.0,175.17285,150.0415,13779.0,2.0,1.0,155.0354,166.52075,6354.0,2.0,6.0,158.7395,155.86133,7551.0,2.0,5.0,def,1
62,153.57302199999998,18.849816792030268,145.67539,16.287267258966434,133497,32,32,1,12,85,10,72915,60582,12333,12333,134.89429,135.19678,23566.0,4.0,1.0,144.2727,148.92993,15566.0,5.0,2.0,164.09717,131.30444,14787.0,2.0,3.0,158.43286,133.44653,9823.0,2.0,4.0,136.76245,130.46045,9173.0,5.0,4.0,132.01611,180.38379,19984.0,4.0,2.0,175.92212,151.81006,12509.0,4.0,4.0,188.14648,131.9331,14046.0,2.0,1.0,159.76392,154.67944,6404.0,2.0,6.0,141.42212,158.60938,7639.0,2.0,5.0,def,1
63,150.155639,12.129035595035251,154.889038,10.031200587676192,134841,33,33,1,12,87,10,74285,60556,13729,13729,150.11841,145.58545,24027.0,4.0,1.0,149.42065,151.01929,15961.0,6.0,2.0,124.03784,147.75635,15045.0,2.0,3.0,142.56909,138.34155,9832.0,2.0,4.0,138.26001,150.30298,9420.0,5.0,4.0,158.55591,168.8706,20134.0,4.0,2.0,159.86035,157.35327,12707.0,4.0,4.0,160.78052,162.67114,14332.0,2.0,1.0,156.85327,158.58936,6454.0,2.0,6.0,161.10034,168.40039,6929.0,2.0,6.0,Roshan,1
64,137.29961,29.11308339302033,129.7900635,25.265271639677888,137063,33,33,1,12,87,9,75690,61373,14317,14317,116.33325,135.04614,24720.0,4.0,1.0,136.01514,120.19287,16592.0,6.0,2.0,136.41187,101.529785,15359.0,2.0,3.0,70.83838,74.76489,10185.0,2.0,4.0,123.66675,124.73364,8834.0,5.0,4.0,146.40161,142.10327,20370.0,4.0,2.0,175.27881,148.23755,13053.0,4.0,4.0,157.35913,151.76978,14417.0,2.0,1.0,156.79541,149.23462,6504.0,2.0,6.0,153.89575,150.28809,7029.0,2.0,6.0,Roshan,1
65,144.773413,7.111939703378393,106.586865,7.049268978700024,138755,33,33,1,12,88,10,76785,61970,14815,14815,149.03247,106.427734,24770.0,4.0,1.0,145.23413,115.05737,16667.0,6.0,2.0,150.28906,101.31079,15409.0,2.0,3.0,152.83081,109.99658,10205.0,2.0,4.0,155.1416,113.37744,9734.0,5.0,4.0,137.7583,103.23633,20535.0,4.0,2.0,137.73828,111.947266,13285.0,4.0,4.0,139.75757,109.01343,14467.0,2.0,1.0,145.63843,91.12207,6554.0,2.0,6.0,134.31348,104.37964,7129.0,2.0,6.0,team_fight,1
66,130.785792,20.622314086142925,108.2438475,25.53579799105531,141432,35,35,2,12,88,9,79945,61487,18458,18458,119.44531,100.6709,26166.0,6.0,1.0,118.98584,99.78076,17184.0,6.0,2.0,123.62378,100.90283,15900.0,2.0,3.0,132.62598,103.99219,10745.0,2.0,4.0,120.50122,99.19678,9950.0,5.0,4.0,135.99683,103.57617,20245.0,4.0,3.0,119.19238,100.323975,13319.0,4.0,4.0,139.61719,105.61963,14139.0,2.0,2.0,184.29639,179.73071,6588.0,2.0,6.0,113.573,88.64453,7196.0,2.0,6.0,team_fight,1
