core_r_x,core_r_y,core_r_networth,core_r_kills,core_r_deaths,mid_r_x,mid_r_y,mid_r_networth,mid_r_kills,mid_r_deaths,hard_r_x,hard_r_y,hard_r_networth,hard_r_kills,hard_r_deaths,hard_support_r_x,hard_support_r_y,hard_support_r_networth,hard_support_r_kills,hard_support_r_deaths,support_r_x,support_r_y,support_r_networth,support_r_kills,support_r_deaths,core_d_x,core_d_y,core_d_networth,core_d_kills,core_d_deaths,mid_d_x,mid_d_y,mid_d_networth,mid_d_kills,mid_d_deaths,hard_d_x,hard_d_y,hard_d_networth,hard_d_kills,hard_d_deaths,hard_support_d_x,hard_support_d_y,hard_support_d_networth,hard_support_d_kills,hard_support_d_deaths,support_d_x,support_d_y,support_d_networth,support_d_kills,support_d_deaths,bin,avg_x,std_x,avg_y,std_y,sum_networth,sum_kills,sum_deaths,n_roshans,n_pushes,n_wards,hero_density,sum_networth_radiant,sum_networth_dire,net_worth_diff,abs_net_worth_diff,label
169.63916,82.30005,763.0,0.0,0.0,120.11572,120.816895,763.0,0.0,0.0,79.76782,163.15454,763.0,0.0,0.0,93.78345,164.5481,733.0,0.0,0.0,169.3606,87.230225,713.0,0.0,0.0,83.221436,171.41943,683.0,0.0,0.0,124.65845,127.158936,683.0,0.0,0.0,177.77417,103.7146,683.0,0.0,0.0,86.43555,156.62427,633.0,0.0,0.0,85.055664,151.67822,633.0,0.0,0.0,0,118.981202,39.79947278345357,132.8645266,33.32161121476733,7050,0,0,0,0,5,7,3735,3315,420,420,farm
177.28906,98.61255,967.0,0.0,0.0,124.96875,122.708496,845.0,0.0,0.0,78.135254,163.04614,823.0,0.0,1.0,94.36328,165.20264,786.0,0.0,0.0,169.22754,93.21924,758.0,0.0,0.0,86.13623,167.573,1146.0,1.0,0.0,123.946045,127.14502,805.0,0.0,0.0,176.32495,102.194336,698.0,0.0,0.0,168.61084,94.07715,673.0,0.0,0.0,87.61279,156.62183,673.0,0.0,0.0,1,128.6614739,41.01020734029237,129.0400402,31.456194466640344,8174,1,1,0,0,5,9,4179,3995,184,184,gang
173.73438,90.85742,1167.0,0.0,0.0,120.861084,122.07617,852.0,0.0,0.0,93.260254,164.25024,911.0,0.0,1.0,91.28125,167.6643,801.0,0.0,0.0,175.05469,95.16113,743.0,0.0,0.0,88.73169,173.88623,1248.0,1.0,0.0,126.93042,125.416016,927.0,0.0,0.0,174.6709,97.03784,755.0,0.0,0.0,161.77124,92.0022,688.0,0.0,0.0,85.76538,168.02051,678.0,0.0,0.0,2,129.2061288,38.79130405078662,129.6372056,35.468213971376215,8770,1,1,0,0,5,10,4474,4296,178,178,farm
177.81396,89.124756,1293.0,0.0,0.0,124.7251,123.1626,954.0,0.0,0.0,96.53589,156.12427,1010.0,0.0,1.0,82.02295,148.4292,826.0,0.0,1.0,155.7085,88.869385,678.0,0.0,0.0,89.34204,166.97095,1575.0,2.0,0.0,123.836426,123.015625,1048.0,0.0,0.0,177.1936,116.9939,806.0,0.0,0.0,168.28174,110.19531,703.0,0.0,0.0,94.00586,161.39087,745.0,0.0,0.0,3,128.9466066,38.10050873082179,128.4276866,28.614405934964896,9638,2,2,0,0,7,9,4761,4877,-116,116,farm
168.4519,94.08423,1411.0,0.0,0.0,118.27222,122.0105,1176.0,0.0,0.0,77.34863,132.54126,1005.0,0.0,1.0,97.09985,161.97217,871.0,0.0,1.0,167.09277,91.13818,723.0,0.0,0.0,88.63257,165.86108,1674.0,2.0,0.0,111.22266,124.348145,998.0,0.0,0.0,175.63745,110.3064,997.0,0.0,0.0,173.88062,106.10474,782.0,0.0,0.0,80.22046,133.19775,790.0,0.0,0.0,4,125.785913,41.12191276227582,124.1564455,25.469435983382603,10427,2,2,0,0,8,10,5186,5241,-55,55,farm
185.32178,90.29175,1882.0,2.0,0.0,108.83838,138.81128,1258.0,0.0,0.0,72.03516,163.16235,1322.0,0.0,1.0,83.76001,164.44238,886.0,0.0,1.0,169.08936,91.910645,815.0,0.0,1.0,83.80786,172.65137,1659.0,2.0,0.0,111.221924,144.3064,1043.0,0.0,0.0,173.26196,98.08887,1252.0,1.0,1.0,168.66797,92.392334,891.0,0.0,1.0,91.12695,169.36328,805.0,0.0,0.0,5,124.7131354,44.24564584522181,132.54206589999998,35.48476631026045,11813,5,5,0,0,8,7,6163,5650,513,513,farm
176.65723,102.041016,2006.0,2.0,0.0,132.75146,139.73291,1447.0,0.0,0.0,96.176025,163.48633,1425.0,0.0,1.0,105.17163,168.82324,1017.0,0.0,1.0,171.84692,92.58252,910.0,0.0,1.0,93.184326,168.10718,1982.0,2.0,0.0,126.461426,138.2854,988.0,0.0,0.0,179.45532,102.62305,1370.0,1.0,1.0,176.94043,100.57422,906.0,0.0,1.0,98.437744,177.22314,898.0,0.0,0.0,6,135.7082511,37.093911298915806,135.3479006,33.30879743268595,12949,5,5,0,0,8,10,6805,6144,661,661,farm
168.22485,107.823,2217.0,2.0,0.0,126.47876,127.11987,1740.0,1.0,0.0,80.934814,155.26465,1637.0,0.0,1.0,117.458984,137.448,1127.0,0.0,1.0,168.92725,104.0708,1065.0,1.0,1.0,85.80542,162.09912,2255.0,2.0,0.0,136.83691,125.02588,1008.0,0.0,1.0,178.0852,116.045654,1513.0,1.0,1.0,163.10474,164.03516,917.0,0.0,2.0,128.72437,136.01123,828.0,0.0,0.0,7,135.4581298,34.424262394650874,133.4943364,21.57275909436293,14307,7,7,0,0,9,10,7786,6521,1265,1265,farm
175.0979,102.058105,2316.0,2.0,0.0,118.92822,120.62329,1820.0,1.0,0.0,98.75342,175.25708,1850.0,0.0,1.0,99.29175,175.12305,1142.0,0.0,1.0,163.20435,82.009766,1110.0,1.0,1.0,86.82568,175.6726,2460.0,2.0,0.0,127.328125,126.87793,1096.0,0.0,1.0,176.49634,105.93335,1706.0,1.0,1.0,112.26465,126.62915,962.0,0.0,2.0,106.92554,166.69849,908.0,0.0,0.0,8,126.5115975,33.22755452302846,135.68828109999998,34.90549369490044,15370,7,7,0,0,9,9,8238,7132,1106,1106,farm
175.60034,93.433105,2396.0,2.0,0.0,120.90674,120.91626,1899.0,1.0,0.0,88.52368,134.22534,2015.0,0.0,1.0,190.71143,88.26367,1206.0,0.0,1.0,167.68774,95.23584,1172.0,1.0,1.0,80.84204,171.43115,2702.0,2.0,0.0,138.4187,153.68188,1310.0,0.0,1.0,171.44214,100.27954,1789.0,1.0,1.0,72.727295,162.96143,1007.0,0.0,2.0,64.85913,157.79858,997.0,0.0,0.0,9,127.1719235,47.88522505782238,127.8226795,32.249824716407936,16493,7,7,0,0,10,6,8688,7805,883,883,gang
169.89697,83.515625,2681.0,2.0,0.0,120.66553,121.236084,2222.0,1.0,0.0,92.5437,123.83545,2153.0,0.0,1.0,158.7207,94.70337,1296.0,0.0,1.0,161.40161,82.558105,1261.0,1.0,1.0,80.2207,165.24097,2901.0,2.0,0.0,121.02905,162.35815,1494.0,0.0,1.0,191.41113,130.78491,1804.0,1.0,1.0,72.772705,163.0083,1052.0,0.0,2.0,92.40381,133.81812,992.0,0.0,0.0,10,126.1065905,41.84554753241645,126.1059084,31.647834482789037,17856,7,7,0,0,12,6,9613,8243,1370,1370,farm
172.1211,85.97339,3020.0,2.0,0.0,124.00537,123.48462,2520.0,1.0,0.0,73.99072,81.28613,2207.0,0.0,1.0,138.76733,119.29248,1287.0,0.0,1.0,135.82227,118.55029,1369.0,1.0,1.0,81.17969,166.25586,3195.0,2.0,0.0,113.95581,152.68213,1675.0,0.0,1.0,192.63965,130.85107,2011.0,1.0,1.0,71.862305,162.10254,1188.0,0.0,2.0,109.91162,138.31226,1163.0,0.0,0.0,11,121.4255865,40.374387341852426,127.879077,28.83661804317022,19635,7,7,0,0,13,6,10403,9232,1171,1171,farm
176.45117,94.12598,3315.0,2.0,0.0,129.30493,126.16553,2771.0,1.0,0.0,84.288086,141.98193,2202.0,0.0,1.0,132.7102,145.86743,1282.0,0.0,1.0,136.07593,125.33423,1414.0,1.0,1.0,80.33765,156.11353,3456.0,2.0,0.0,111.05591,159.64941,1851.0,0.0,1.0,185.86426,131.84033,2175.0,1.0,1.0,71.77368,156.93237,1233.0,0.0,2.0,92.82666,142.02979,1208.0,0.0,0.0,12,120.0688476,39.47427048653624,138.004053,19.755647282837074,20907,7,7,0,0,16,8,10984,9923,1061,1061,farm
190.63306,120.00806,3629.0,2.0,0.0,68.54541,140.44531,2936.0,1.0,0.0,72.889404,131.12134,2247.0,0.0,1.0,65.86792,127.2959,1507.0,1.0,1.0,74.47241,128.35083,1459.0,1.0,1.0,63.94507,140.98462,3744.0,2.0,0.0,132.41699,149.79272,1896.0,0.0,2.0,181.68042,175.2583,2195.0,1.0,1.0,65.85596,131.51611,1362.0,0.0,2.0,66.984375,132.38574,1253.0,0.0,0.0,13,98.3291019,50.55890089263238,137.715893,15.611962455089822,22228,8,8,0,0,17,8,11778,10450,1328,1328,gang
176.37573,101.291016,3674.0,2.0,0.0,69.88916,116.34741,3157.0,1.0,0.0,81.80371,162.29517,2539.0,1.0,1.0,92.47217,156.13062,1513.0,1.0,1.0,87.947754,156.46753,1535.0,1.0,1.0,105.210205,171.93237,3897.0,2.0,0.0,134.4502,150.45264,2106.0,0.0,2.0,178.70947,113.30664,2240.0,1.0,1.0,175.73486,102.16699,1307.0,0.0,2.0,61.190186,128.34106,1298.0,0.0,1.0,14,116.3783445,46.23797961109741,135.8731446,26.50934653783928,23266,9,9,0,0,19,7,12418,10848,1570,1570,def
167.45459,83.18091,3741.0,2.0,1.0,115.14868,126.846924,3210.0,1.0,0.0,99.26636,172.4685,2897.0,1.0,1.0,114.21094,150.5105,1558.0,1.0,1.0,91.6936,166.92163,1580.0,1.0,1.0,120.503174,186.61621,4006.0,2.0,0.0,127.637695,115.42505,2271.0,0.0,2.0,161.68701,92.57715,2738.0,2.0,1.0,173.52856,89.46924,1487.0,0.0,2.0,181.16113,76.74072,1478.0,0.0,1.0,15,135.2291739,32.699354896146374,126.0756834,40.733571807760086,24966,10,10,0,0,20,8,12986,11980,1006,1006,gang
163.20996,88.927,3890.0,2.0,1.0,114.78027,105.190186,3375.0,1.0,0.0,79.206055,164.96582,3119.0,1.0,1.0,164.46704,98.94507,1503.0,1.0,1.0,78.15967,157.95752,1645.0,1.0,1.0,106.263916,182.34009,4219.0,2.0,0.0,136.03857,140.32056,2523.0,0.0,2.0,179.86816,116.15381,2886.0,2.0,1.0,133.55054,98.31494,1541.0,0.0,2.0,91.4375,163.73486,1473.0,0.0,1.0,16,124.6981681,36.659455431302064,131.6849856,34.03016042829788,26174,10,10,0,0,22,10,13532,12642,890,890,farm
77.79785,175.73267,4122.0,2.0,1.0,95.773926,129.41113,3638.0,1.0,0.0,104.762695,182.2688,3545.0,2.0,1.0,83.38672,179.53418,1543.0,1.0,1.0,103.606445,179.70215,1818.0,1.0,1.0,122.34448,186.97095,4316.0,2.0,0.0,127.65674,127.89868,2889.0,0.0,2.0,186.34058,131.75171,3149.0,2.0,1.0,122.93677,136.4104,1638.0,0.0,2.0,108.37573,186.0376,1570.0,0.0,2.0,17,113.2981936,30.494410229316912,161.571827,26.2772957509592,28228,11,11,0,0,24,9,14666,13562,1104,1104,farm
83.77881,175.56055,4393.0,2.0,1.0,120.99634,121.86841,3972.0,1.0,0.0,89.01514,175.06372,3969.0,2.0,1.0,97.66577,186.28027,1628.0,1.0,1.0,112.22241,157.50415,1823.0,1.0,1.0,105.70386,189.56274,4383.0,2.0,0.0,133.20923,117.02344,2971.0,0.0,2.0,183.63306,91.55737,3358.0,2.0,1.0,104.66748,188.08862,1583.0,0.0,2.0,96.85718,182.9065,1550.0,0.0,2.0,18,112.774928,28.884880546440744,158.54157700000002,35.461541981431736,29630,11,11,0,1,24,9,15785,13845,1940,1940,farm
167.13647,77.88501,4711.0,2.0,1.0,111.18848,118.04321,4337.0,1.0,0.0,106.84766,159.56348,4334.0,2.0,1.0,113.3313,148.92578,1734.0,1.0,1.0,120.46118,128.9231,1920.0,1.0,1.0,109.099365,173.68848,4684.0,2.0,0.0,120.32031,103.25903,3215.0,0.0,2.0,169.93506,99.28662,3609.0,2.0,1.0,118.256836,174.36475,1628.0,0.0,2.0,131.49658,160.30762,1545.0,0.0,2.0,19,126.8073241,23.097397641858347,134.424708,33.91223666037405,31717,11,11,0,1,27,9,17036,14681,2355,2355,farm
140.12793,92.045166,4916.0,2.0,1.0,122.38965,120.86499,4576.0,1.0,0.0,79.55127,152.74585,4564.0,2.0,1.0,130.6101,103.066895,1784.0,1.0,1.0,122.74658,120.34204,2212.0,2.0,1.0,81.684814,154.03491,5037.0,2.0,0.0,134.88208,116.92456,3457.0,0.0,3.0,176.36377,93.673096,3917.0,2.0,1.0,82.99658,155.65747,1673.0,0.0,2.0,129.59204,130.21924,1611.0,0.0,2.0,20,120.0944814,30.72211849464149,123.9574217,24.086820167842568,33747,12,12,0,1,27,9,18052,15695,2357,2357,gang
167.91943,82.03418,5204.0,2.0,1.0,96.63257,131.98608,4819.0,1.0,0.0,98.33667,173.62915,5137.0,4.0,1.0,98.74951,173.35742,1712.0,1.0,2.0,93.21704,168.49707,2459.0,2.0,1.0,82.02295,165.38599,5107.0,2.0,1.0,171.41675,100.19507,3502.0,0.0,3.0,170.4331,84.335205,4234.0,2.0,1.0,97.02881,173.80322,1888.0,1.0,3.0,162.35132,113.62622,1691.0,0.0,2.0,21,123.810815,38.42169749216024,136.68496050000002,38.78110769630379,35753,15,15,0,1,28,8,19331,16422,2909,2909,team_fight
162.32886,81.30493,5231.0,2.0,2.0,95.93555,131.99365,5155.0,1.0,0.0,141.02124,80.29224,5119.0,4.0,1.0,95.936035,96.343506,1757.0,1.0,2.0,127.23511,127.59204,2618.0,2.0,1.0,143.78418,186.64282,5162.0,2.0,1.0,141.21997,78.91162,3691.0,0.0,3.0,142.25195,79.36743,4477.0,2.0,1.0,126.418945,127.061035,1933.0,1.0,3.0,139.88672,80.29956,2019.0,1.0,2.0,22,131.601856,21.20251920769189,106.9808831,35.818471868369365,37162,16,16,0,1,28,9,19880,17282,2598,2598,gang
128.64966,88.84424,5561.0,2.0,2.0,130.04858,129.84082,5646.0,1.0,0.0,141.02124,80.29224,5126.0,4.0,2.0,137.08203,125.33984,1892.0,1.0,2.0,117.245605,135.19287,2788.0,2.0,1.0,99.7168,175.48975,5730.0,2.0,1.0,142.98242,93.34448,4047.0,0.0,3.0,179.79419,170.21973,4930.0,3.0,1.0,132.9524,142.30005,2065.0,1.0,3.0,168.1294,87.50293,2282.0,1.0,2.0,23,137.7622325,23.000592541493997,122.836695,34.461089651781414,40067,17,17,0,2,28,8,21013,19054,1959,1959,push
153.02515,79.751465,5935.0,2.0,2.0,168.52417,104.98901,6220.0,2.0,0.0,82.248535,154.46631,5350.0,4.0,2.0,164.75,100.25,1946.0,1.0,2.0,136.5498,123.2688,2893.0,2.0,1.0,94.90234,187.21216,6216.0,2.0,1.0,179.09644,86.20557,4401.0,0.0,3.0,131.18628,132.16064,5244.0,3.0,1.0,100.29028,125.76367,2160.0,1.0,3.0,170.72998,103.38086,2598.0,1.0,3.0,24,138.1302975,35.07013413413971,119.7448485,32.574926056557175,42963,18,18,0,3,33,8,22344,20619,1725,1725,gang
150.2976,70.8501,6262.0,2.0,2.0,170.46143,83.42114,6314.0,2.0,0.0,122.218994,117.59717,5748.0,4.0,2.0,164.67676,79.80859,1993.0,1.0,2.0,123.45117,122.05737,3066.0,2.0,1.0,108.622314,176.7876,6471.0,2.0,1.0,180.29932,98.84619,4659.0,0.0,3.0,137.99072,154.4939,5576.0,3.0,1.0,126.78296,125.572754,2207.0,1.0,3.0,169.7312,125.84546,2645.0,1.0,3.0,25,145.45324680000002,24.959515412682308,115.5280274,33.510305875646026,44941,18,18,0,3,33,9,23383,21558,1825,1825,farm
126.146484,90.63599,6584.0,2.0,2.0,149.16064,101.41455,6517.0,2.0,0.0,148.59473,106.1897,6091.0,5.0,2.0,148.95264,107.536865,2119.0,1.0,2.0,147.5669,107.94556,3092.0,2.0,1.0,120.56299,189.2124,6912.0,2.0,1.0,179.80493,101.83569,4868.0,0.0,3.0,142.38354,140.8711,5858.0,3.0,1.0,133.9082,130.73193,2200.0,1.0,4.0,190.7168,121.04736,2795.0,1.0,3.0,26,148.77978539999998,21.84155809175716,119.7421145,28.617273728260937,47036,19,19,0,3,35,9,24403,22633,1770,1770,Roshan
100.02661,129.9812,6962.0,2.0,2.0,156.17065,88.52515,6954.0,2.0,0.0,133.28003,120.40332,6287.0,5.0,2.0,145.48242,91.18823,2301.0,1.0,2.0,155.57227,89.26758,3193.0,2.0,2.0,145.51343,185.37158,7168.0,2.0,1.0,172.28809,99.76318,5261.0,0.0,3.0,122.1311,158.19946,6142.0,3.0,1.0,155.80615,87.614746,2514.0,2.0,4.0,175.87622,124.51343,2842.0,1.0,3.0,27,146.214697,22.900755817319915,117.4827876,33.355053218060576,49624,20,20,1,3,35,9,25697,23927,1770,1770,Roshan
77.101074,162.65088,7118.0,2.0,2.0,177.45898,106.103516,7483.0,2.0,0.0,159.10986,96.474365,6589.0,5.0,2.0,166.19336,99.80542,2554.0,2.0,2.0,73.703125,78.97656,3315.0,2.0,2.0,103.65674,187.92993,7479.0,2.0,1.0,131.74438,130.77856,5368.0,0.0,3.0,138.22778,154.65381,6316.0,3.0,1.0,157.12622,88.89966,2514.0,2.0,5.0,180.98267,126.523926,2889.0,1.0,3.0,28,136.5304189,39.5117983239488,123.2796627,35.73075115453516,51625,21,21,1,3,37,7,27059,24566,2493,2493,gang
89.5271,168.87695,7339.0,2.0,2.0,98.37036,187.20386,7621.0,2.0,0.0,131.11841,90.56592,6925.0,5.0,2.0,83.06885,185.97607,2692.0,2.0,2.0,99.7749,133.6753,3565.0,2.0,2.0,127.74219,172.73462,7826.0,2.0,1.0,123.272705,124.326416,5576.0,0.0,3.0,155.7478,134.82812,6583.0,3.0,1.0,131.47656,169.78491,2562.0,2.0,5.0,174.57104,122.903076,3111.0,1.0,3.0,29,121.4669915,29.30636831922335,149.08752420000002,32.24419221810215,53800,21,21,1,3,38,10,28142,25658,2484,2484,farm
110.27344,160.34668,7775.0,2.0,2.0,107.36182,169.51978,8066.0,2.0,0.0,129.6228,145.2168,7020.0,5.0,2.0,104.81177,171.93628,2739.0,2.0,2.0,122.71802,143.96753,3822.0,2.0,2.0,123.94409,162.73486,8139.0,2.0,1.0,114.63013,80.62256,5916.0,0.0,3.0,145.89185,128.32446,7060.0,3.0,1.0,130.41455,165.67456,2559.0,2.0,5.0,184.94702,89.93677,3391.0,1.0,3.0,30,127.461549,23.733727000938494,141.828028,32.76049910597545,56487,21,21,1,3,40,8,29422,27065,2357,2357,farm
146.17847,188.5061,8444.0,3.0,2.0,120.69531,114.81128,8420.0,3.0,0.0,136.44727,175.28247,7213.0,5.0,2.0,134.81152,169.67163,2932.0,2.0,2.0,132.21094,168.36792,4127.0,2.0,2.0,159.7351,148.91943,8193.0,2.0,1.0,109.73535,127.56543,6168.0,0.0,3.0,149.3523,100.93042,7428.0,3.0,1.0,150.72925,174.60913,2542.0,2.0,6.0,157.6731,176.59131,3312.0,1.0,4.0,31,139.756861,16.0928177518409,154.525512,30.008754752146658,58779,23,23,1,3,42,10,31136,27643,3493,3493,team_fight
124.674805,173.93604,8652.0,3.0,2.0,134.69336,117.92749,8843.0,3.0,0.0,127.92456,177.28906,7344.0,5.0,2.0,117.609375,176.1167,3227.0,2.0,2.0,117.893555,177.42188,4175.0,2.0,2.0,159.91797,123.906494,8455.0,2.0,1.0,129.5398,67.41943,6530.0,0.0,3.0,153.91626,92.008545,7630.0,3.0,1.0,156.08276,175.6001,2590.0,2.0,6.0,164.82275,164.56494,3360.0,1.0,4.0,32,138.70751950000002,18.12547597290643,144.6190679,41.12542194362287,60806,23,23,1,3,44,9,32241,28565,3676,3676,push
89.370605,162.23657,9428.0,3.0,2.0,150.82178,90.92578,9489.0,3.0,0.0,135.71704,160.71216,7757.0,5.0,2.0,135.06348,149.39404,3462.0,2.0,2.0,105.867676,125.69409,4360.0,2.0,2.0,188.82227,133.46729,8727.0,2.0,1.0,166.60767,64.57495,6562.0,0.0,3.0,130.28027,126.374756,7753.0,3.0,1.0,152.60132,175.96216,2623.0,2.0,6.0,135.18677,125.79443,3514.0,1.0,4.0,33,139.03388809999998,28.37615804184951,131.51362260000002,33.85720936346403,63675,23,23,1,4,46,9,34496,29179,5317,5317,farm
95.88257,132.86694,9845.0,3.0,2.0,125.39868,128.73804,10044.0,3.0,0.0,120.3147,156.3706,8088.0,5.0,2.0,130.27808,133.1167,3480.0,2.0,2.0,103.654785,127.28369,4594.0,2.0,2.0,162.09814,124.38599,8990.0,2.0,1.0,78.14453,162.5603,6779.0,0.0,3.0,132.85693,173.85669,7912.0,3.0,1.0,119.608154,156.02515,3173.0,2.0,6.0,191.27563,81.62915,3562.0,1.0,4.0,34,125.9512199,32.31671977841326,137.683325,26.17064688430373,66467,23,23,1,4,47,9,36051,30416,5635,5635,farm
66.109375,123.228516,10397.0,3.0,2.0,143.92407,141.98096,10256.0,3.0,0.0,139.7727,144.51074,8172.0,5.0,2.0,136.927,139.07983,3527.0,2.0,2.0,135.98291,138.1897,4859.0,2.0,2.0,167.78174,124.90015,9313.0,2.0,1.0,170.98584,84.65747,7379.0,0.0,3.0,168.48975,169.01025,7947.0,3.0,1.0,85.57617,168.39478,3220.0,2.0,6.0,182.70972,82.59961,3609.0,1.0,4.0,35,139.82592749999998,37.75688082927411,131.6552006,29.52735979350216,68679,23,23,1,4,48,7,37211,31468,5743,5743,gang
79.072266,153.77563,10688.0,3.0,3.0,81.38208,153.21558,10203.0,3.0,0.0,137.28003,136.09155,8322.0,5.0,2.0,79.91455,159.74365,3474.0,2.0,2.0,112.21704,140.89014,4856.0,2.0,2.0,189.65796,131.2771,9604.0,2.0,1.0,72.63867,160.31787,8115.0,1.0,3.0,147.83618,155.74756,8094.0,3.0,1.0,81.29883,161.68921,3489.0,2.0,6.0,73.543945,157.43604,3955.0,1.0,4.0,36,105.4841551,40.20982235172068,151.01843300000002,10.891223366797128,70800,24,24,1,4,50,9,37543,33257,4286,4286,gang
79.072266,153.77563,10816.0,3.0,3.0,85.79541,164.23682,11039.0,4.0,0.0,155.8772,77.889404,8453.0,5.0,2.0,83.12256,154.99756,3549.0,2.0,2.0,106.44165,125.24219,4904.0,2.0,2.0,131.86182,133.9314,9752.0,2.0,1.0,179.85083,175.32129,8244.0,1.0,3.0,126.30493,125.41382,8557.0,3.0,1.0,77.156006,170.78418,3450.0,2.0,7.0,137.70581,132.68408,4003.0,1.0,4.0,37,116.3188482,35.671577254707145,141.4276374,28.974360967952205,72767,25,25,1,4,51,8,38761,34006,4755,4755,gang
129.90991,121.47217,11182.0,3.0,3.0,118.42993,130.13843,11282.0,4.0,0.0,129.06445,117.166016,8747.0,5.0,2.0,134.09839,127.891846,3596.0,2.0,2.0,114.375244,118.0376,5046.0,2.0,2.0,135.47705,120.724365,9851.0,2.0,1.0,133.72998,101.71118,8431.0,1.0,3.0,121.579834,123.21655,9068.0,3.0,1.0,144.29053,142.1294,3587.0,2.0,7.0,133.30151,121.72754,4141.0,1.0,4.0,38,129.4256828,8.958611790626897,122.4215097,10.3200357547914,74931,25,25,1,5,52,10,39853,35078,4775,4775,push
127.282715,133.19067,11671.0,4.0,3.0,136.12231,123.4624,11711.0,5.0,0.0,138.71777,105.2583,8992.0,5.0,2.0,142.58154,94.742676,4019.0,2.0,2.0,139.0332,112.21118,5179.0,2.0,2.0,168.31177,124.88965,10008.0,2.0,1.0,145.031,111.84204,8272.0,1.0,4.0,173.5874,172.27661,9118.0,3.0,1.0,146.58936,90.786865,3584.0,2.0,7.0,136.2522,122.84033,4036.0,1.0,5.0,39,145.3509265,14.575974251983228,119.15007210000002,23.04453113863007,76590,27,27,1,5,55,9,41572,35018,6554,6554,team_fight
90.93701,126.41919,11763.0,4.0,3.0,166.32104,91.278076,12069.0,5.0,0.0,172.33887,85.64966,9040.0,5.0,2.0,171.22998,85.20508,4017.0,2.0,2.0,169.00146,89.42944,5485.0,2.0,2.0,136.78906,129.81055,10457.0,2.0,1.0,145.031,111.84204,8320.0,1.0,4.0,119.72583,174.19531,9166.0,3.0,1.0,168.23877,159.18237,3607.0,2.0,7.0,140.69556,129.11743,4176.0,1.0,5.0,40,148.03085800000002,27.00164846566052,118.2129146,31.407228658678328,78100,27,27,1,5,55,9,42374,35726,6648,6648,farm
84.47339,153.24097,12128.0,4.0,3.0,126.24609,135.6936,12201.0,5.0,0.0,194.21973,120.39551,9338.0,5.0,2.0,118.786865,136.43115,4354.0,3.0,2.0,133.95996,130.65015,5629.0,2.0,2.0,81.99585,185.73267,10801.0,2.0,1.0,102.663086,160.46143,8523.0,1.0,4.0,73.83301,187.0,9859.0,3.0,1.0,84.191895,184.70923,3674.0,2.0,7.0,147.64795,132.22119,4290.0,1.0,6.0,41,114.8017826,37.50372427554631,152.65359,25.507732460107512,80797,28,28,1,5,56,9,43650,37147,6503,6503,gang
127.62085,186.20312,12348.0,4.0,3.0,95.80908,186.05762,12605.0,6.0,0.0,121.319824,186.27466,9572.0,5.0,2.0,110.284424,183.96387,4522.0,3.0,2.0,126.48291,181.94556,5677.0,2.0,2.0,138.21094,191.19385,11264.0,2.0,1.0,175.09692,109.34546,9021.0,1.0,4.0,164.70288,74.66113,10322.0,3.0,1.0,102.46753,188.14502,3873.0,2.0,8.0,171.35376,175.66992,5988.0,1.0,6.0,42,133.3349118,28.506323455224337,166.346021,40.23329969150525,85192,29,29,1,5,56,8,44724,40468,4256,4256,gang
131.0708,152.14941,12595.0,4.0,3.0,109.16577,114.43799,12833.0,6.0,0.0,128.05566,123.62891,9770.0,5.0,2.0,85.29785,134.0249,4690.0,3.0,2.0,121.32056,154.5852,5713.0,2.0,2.0,152.72095,173.18701,11557.0,2.0,1.0,189.90381,115.76465,9316.0,1.0,4.0,157.58374,124.086426,10522.0,3.0,1.0,181.40625,179.20312,3920.0,2.0,8.0,169.11646,145.59473,6035.0,1.0,6.0,43,142.564185,33.28711858355796,141.6662346,23.09367611689232,86951,29,29,1,5,56,10,45601,41350,4251,4251,farm
92.54199,163.99365,13336.0,4.0,3.0,89.68628,137.42407,13238.0,6.0,0.0,151.51758,73.082275,9992.0,5.0,2.0,119.194336,138.78906,4737.0,3.0,2.0,99.09766,144.42188,5865.0,2.0,2.0,144.15454,173.18262,11828.0,2.0,1.0,183.16382,177.9375,9440.0,1.0,4.0,134.47095,130.00708,10950.0,3.0,1.0,129.40576,128.66162,4134.0,2.0,8.0,170.37646,123.97681,5982.0,1.0,6.0,44,131.3609376,32.0101443290789,139.14765649999998,29.999198478371245,89502,29,29,1,5,59,8,47168,42334,4834,4834,farm
120.59424,91.13086,13462.0,4.0,3.0,68.26611,121.54443,13724.0,6.0,0.0,110.8584,63.011963,10316.0,5.0,2.0,101.53906,132.09985,5079.0,3.0,2.0,104.229004,118.79028,5957.0,2.0,2.0,133.20142,151.54224,12022.0,2.0,1.0,160.2649,81.549805,9745.0,1.0,4.0,130.9353,136.03613,11033.0,3.0,1.0,130.04468,148.02197,4182.0,2.0,8.0,121.005615,174.31494,6151.0,1.0,6.0,45,118.0938729,24.336853780769054,121.80424680000002,34.42317851526254,91671,29,29,1,5,59,10,48538,43133,5405,5405,farm
127.592285,91.51636,13857.0,4.0,3.0,89.36304,136.63501,14269.0,6.0,0.0,128.7146,79.500244,10614.0,5.0,2.0,111.87793,125.78784,5196.0,3.0,2.0,114.70386,105.63721,6361.0,2.0,2.0,125.55151,182.58618,12390.0,2.0,1.0,129.25,128.75,9927.0,1.0,4.0,149.00244,130.05786,11359.0,3.0,1.0,145.4331,132.80347,4229.0,2.0,8.0,96.44922,180.0376,6223.0,1.0,6.0,46,121.7937985,19.12838337704645,129.3311774,33.26751315845056,94425,29,29,1,5,62,10,50297,44128,6169,6169,farm
140.82275,133.83618,14527.0,4.0,3.0,127.18286,134.04492,14794.0,7.0,0.0,142.70312,131.76465,10951.0,5.0,2.0,148.65405,128.20459,5309.0,3.0,2.0,141.55762,133.94751,6578.0,2.0,2.0,92.156494,185.86572,12789.0,2.0,1.0,127.29224,131.49829,9974.0,1.0,5.0,150.90552,148.18115,11443.0,3.0,1.0,86.21094,180.09961,4276.0,2.0,8.0,75.747314,177.60718,6396.0,1.0,6.0,47,123.3232908,28.007031950502057,148.50498,23.23514435255113,97037,30,30,1,5,62,10,52159,44878,7281,7281,gang
152.56519,119.32007,14902.0,4.0,3.0,148.87964,107.31714,15019.0,7.0,0.0,89.01221,148.3689,11138.0,5.0,2.0,149.47339,107.6333,5367.0,3.0,2.0,147.43188,106.427734,6816.0,2.0,2.0,112.97168,157.50122,13092.0,2.0,1.0,127.29224,131.49829,10022.0,1.0,5.0,114.979004,183.39941,11598.0,3.0,1.0,186.24951,89.690186,4324.0,2.0,8.0,172.11377,79.17993,6517.0,1.0,6.0,48,140.0968514,29.192369204153508,123.033618,32.23908139654952,98795,30,30,1,6,66,9,53242,45553,7689,7689,Roshan
171.23975,100.08862,15564.0,4.0,3.0,168.40674,120.28296,15599.0,8.0,0.0,96.01465,169.47388,11500.0,5.0,2.0,172.8584,70.28418,5499.0,3.0,2.0,169.25,119.25,6998.0,2.0,2.0,127.33716,188.13354,13574.0,2.0,1.0,149.43994,155.21143,10145.0,1.0,5.0,140.4768,154.45605,11864.0,3.0,1.0,167.16992,125.38306,4337.0,2.0,9.0,159.2893,172.3003,6849.0,1.0,6.0,49,152.148266,24.803624565352543,137.486402,36.65489629802297,101929,31,31,2,6,67,8,55160,46769,8391,8391,Roshan
125.84668,125.629395,16399.0,4.0,3.0,159.41724,125.67529,15829.0,8.0,0.0,97.10498,131.07593,11937.0,5.0,2.0,162.11523,89.07129,5546.0,3.0,2.0,150.40503,121.6792,7045.0,2.0,2.0,154.04175,173.65161,13867.0,2.0,1.0,180.42407,121.336426,10415.0,1.0,5.0,156.75757,162.1897,12083.0,3.0,1.0,179.11523,176.06958,4334.0,2.0,9.0,157.59546,172.29053,6929.0,1.0,6.0,50,152.282324,24.62567629569061,139.86689510000002,29.320819756934863,104384,31,31,2,6,69,10,56756,47628,9128,9128,farm
166.34985,132.2688,17005.0,5.0,3.0,175.59302,130.23975,16488.0,9.0,0.0,89.700195,131.2041,12257.0,5.0,2.0,167.78906,128.69531,5815.0,3.0,2.0,165.92603,129.45557,7221.0,2.0,2.0,102.70068,175.906,14420.0,2.0,1.0,177.72974,99.663086,10240.0,1.0,6.0,96.698975,183.65723,12131.0,3.0,1.0,173.55347,142.33716,4422.0,2.0,10.0,139.80737,146.21094,6927.0,1.0,6.0,51,145.58483900000002,35.65164550636655,139.9637946,24.35311751179372,106926,33,33,2,6,73,9,58786,48140,10646,10646,gang
173.89185,143.16382,17231.0,5.0,3.0,176.50366,147.73755,17043.0,9.0,0.0,176.55688,141.6018,12458.0,5.0,2.0,184.25,138.25,5972.0,3.0,2.0,177.26587,136.85864,7328.0,2.0,2.0,179.76099,152.33301,14621.0,2.0,1.0,177.72974,99.663086,10287.0,1.0,6.0,177.28638,154.93335,12371.0,3.0,1.0,173.55347,142.33716,4469.0,2.0,10.0,173.8872,160.48975,7068.0,1.0,6.0,52,177.068604,3.2058127683984723,141.7368166,16.60882431024825,108848,33,33,2,7,74,10,60032,48816,11216,11216,push
177.24707,152.41553,18535.0,7.0,3.0,177.19482,153.44653,17599.0,9.0,0.0,176.55469,152.21484,13049.0,5.0,2.0,175.03076,151.9707,6342.0,3.0,2.0,175.44482,150.21265,7861.0,3.0,2.0,180.3894,174.77441,14415.0,2.0,2.0,176.10156,160.90454,10335.0,1.0,7.0,154.34082,152.80835,12587.0,3.0,1.0,168.22827,168.75586,4517.0,2.0,10.0,175.6399,161.31543,6975.0,1.0,7.0,53,173.617211,7.428832422894889,157.881884,8.337967036208122,112215,36,36,2,8,75,10,63386,48829,14557,14557,team_fight
160.07422,159.92554,19440.0,8.0,3.0,156.56299,154.54639,18566.0,10.0,0.0,159.25806,156.72949,13909.0,5.0,2.0,159.82031,156.91724,6902.0,3.0,2.0,160.9021,154.8877,8680.0,3.0,2.0,180.3894,174.77441,14448.0,2.0,2.0,176.10156,160.90454,10368.0,1.0,7.0,153.33984,147.3186,12456.0,3.0,2.0,159.20776,158.93848,4550.0,2.0,11.0,181.90625,179.95312,7008.0,1.0,7.0,54,164.756249,10.471405933501265,160.489551,9.734584237768455,116327,38,38,2,9,75,10,67497,48830,18667,18667,push
