bin,avg_x,std_x,avg_y,std_y,sum_networth,sum_kills,sum_deaths,n_roshans,n_pushes,n_wards,hero_density,sum_networth_radiant,sum_networth_dire,net_worth_diff,abs_net_worth_diff,core_r_x,core_r_y,core_r_networth,core_r_kills,core_r_deaths,hard_r_x,hard_r_y,hard_r_networth,hard_r_kills,hard_r_deaths,h_sup_r_x,h_sup_r_y,h_sup_r_networth,h_sup_r_kills,h_sup_r_deaths,sup_r_x,sup_r_y,sup_r_networth,sup_r_kills,sup_r_deaths,core_d_x,core_d_y,core_d_networth,core_d_kills,core_d_deaths,mid_d_x,mid_d_x.1,mid_d_x.2,mid_d_x.3,mid_d_y,mid_d_y.1,mid_d_y.2,mid_d_y.3,mid_d_networth,mid_d_networth.1,mid_d_networth.2,mid_d_networth.3,mid_d_kills,mid_d_kills.1,mid_d_kills.2,mid_d_kills.3,mid_d_deaths,mid_d_deaths.1,mid_d_deaths.2,mid_d_deaths.3,hard_d_x,hard_d_y,hard_d_networth,hard_d_kills,hard_d_deaths,h_sup_d_x,h_sup_d_y,h_sup_d_networth,h_sup_d_kills,h_sup_d_deaths,sup_d_x,sup_d_y,sup_d_networth,sup_d_kills,sup_d_deaths,label
0,126.790235,42.67725573720216,127.797851,35.764955899855444,7080,0,0,0,0,5,6,3715,3365,350,350,168.59814,81.369385,763.0,0.0,0.0,78.38379,160.46997,763.0,0.0,0.0,84.737305,161.0459,763.0,0.0,0.0,169.18555,88.68262,663.0,0.0,0.0,83.6062,171.77734,683.0,0.0,0.0,122.301025,128.14209,122.301025,128.14209,124.03613,126.56494,124.03613,126.56494,763.0,683.0,763.0,683.0,0.0,0.0,0.0,0.0,0.0,0.0,0.0,0.0,177.48438,95.31445,683.0,0.0,0.0,173.97437,98.563965,683.0,0.0,0.0,81.4895,170.15381,633.0,0.0,0.0,farm
1,123.7280519,36.27210917362404,124.7265875,37.41321671996967,7653,0,0,0,0,7,9,4092,3561,531,531,166.6062,83.13623,966.0,0.0,0.0,80.47363,162.90967,883.0,0.0,0.0,93.62378,162.80542,728.0,0.0,0.0,160.59082,83.74829,678.0,0.0,0.0,79.214355,168.28589,840.0,0.0,0.0,121.39844,118.8457,121.39844,118.8457,120.66406,127.60034,120.66406,127.60034,837.0,648.0,837.0,648.0,0.0,0.0,0.0,0.0,0.0,0.0,0.0,0.0,160.64209,87.10181,702.0,0.0,0.0,162.9961,87.154785,693.0,0.0,0.0,92.889404,163.85938,678.0,0.0,0.0,farm
2,125.843262,41.681128042038885,126.9928946,36.12855844980561,8111,0,0,0,0,8,7,4307,3804,503,503,165.06494,81.48657,1011.0,0.0,0.0,77.2605,158.69507,994.0,0.0,0.0,82.96631,161.25317,743.0,0.0,0.0,168.31323,82.08154,663.0,0.0,0.0,80.93091,168.80713,920.0,0.0,0.0,126.8501,131.15308,126.8501,131.15308,127.71924,131.54224,127.71924,131.54224,896.0,846.0,896.0,846.0,0.0,0.0,0.0,0.0,0.0,0.0,0.0,0.0,177.31372,103.80786,717.0,0.0,0.0,165.48901,87.434326,708.0,0.0,0.0,83.09082,167.1018,613.0,0.0,0.0,farm
3,127.7097914,41.12439317114067,131.3344482,29.98687784154599,8967,0,0,0,0,8,9,4659,4308,351,351,173.69385,99.975586,1148.0,0.0,0.0,80.838135,159.94946,1045.0,0.0,0.0,87.504395,161.27051,758.0,0.0,0.0,171.15552,97.51245,643.0,0.0,0.0,81.97119,172.71289,1111.0,0.0,0.0,121.94849,125.25952,121.94849,125.25952,122.576416,129.31177,122.576416,129.31177,1065.0,937.0,1065.0,937.0,0.0,0.0,0.0,0.0,0.0,0.0,0.0,0.0,173.8418,103.39404,909.0,0.0,0.0,170.00977,104.43213,693.0,0.0,0.0,90.875244,162.20923,658.0,0.0,0.0,farm
4,130.4910645,38.69123608979992,121.518163,34.137037183349065,9533,0,0,0,0,8,10,5032,4501,531,531,168.7727,80.44946,1216.0,0.0,0.0,78.755615,149.34277,1129.0,0.0,0.0,96.75464,154.31152,803.0,0.0,0.0,168.57446,82.94678,658.0,0.0,0.0,92.70459,161.00195,1244.0,0.0,0.0,125.41016,125.68921,125.41016,125.68921,124.11084,131.64307,124.11084,131.64307,1226.0,1138.0,1226.0,1138.0,0.0,0.0,0.0,0.0,0.0,0.0,0.0,0.0,175.95752,88.5625,888.0,0.0,0.0,175.73584,84.5979,608.0,0.0,0.0,96.55591,158.21484,623.0,0.0,0.0,farm
5,126.4962649,48.007535715412,118.81828620000002,33.5121062773971,10440,1,1,0,0,9,7,5505,4935,570,570,177.31226,91.489746,1381.0,0.0,0.0,81.7937,149.5752,1333.0,0.0,0.0,74.875244,78.49902,783.0,0.0,1.0,176.09058,89.59326,567.0,0.0,0.0,80.793945,171.50732,1414.0,0.0,0.0,122.60498,125.99951,122.60498,125.99951,121.798096,126.20923,121.798096,126.20923,1441.0,1177.0,1441.0,1177.0,0.0,0.0,0.0,0.0,0.0,0.0,0.0,0.0,177.89233,93.39136,883.0,0.0,0.0,179.82422,101.09766,528.0,0.0,0.0,67.77588,165.02197,933.0,1.0,0.0,farm
6,126.9555415,40.051148304651846,128.5990966,35.694686225376145,11567,1,1,0,0,11,7,6144,5423,721,721,169.47974,82.40625,1533.0,0.0,0.0,80.147705,166.81299,1555.0,0.0,0.0,86.06201,161.81665,808.0,0.0,1.0,169.26025,85.42529,532.0,0.0,0.0,84.542725,169.15088,1721.0,0.0,0.0,122.213135,128.6499,122.213135,128.6499,125.64014,126.656006,125.64014,126.656006,1716.0,1299.0,1716.0,1299.0,0.0,0.0,0.0,0.0,0.0,0.0,0.0,0.0,176.22607,105.81909,962.0,0.0,0.0,163.38794,94.27539,493.0,0.0,0.0,89.58594,167.98828,948.0,1.0,0.0,farm
7,129.041162,41.438860229145305,131.483741,28.628135383370854,12844,2,2,0,0,12,10,7034,5810,1224,1224,176.51709,99.69238,1771.0,0.0,0.0,81.79248,149.99048,1651.0,0.0,0.0,93.15259,162.93555,823.0,0.0,1.0,175.69165,97.94263,874.0,1.0,0.0,83.20947,162.07446,1919.0,0.0,0.0,128.7461,117.93359,128.7461,117.93359,123.05054,135.7898,123.05054,135.7898,1915.0,1379.0,1915.0,1379.0,0.0,0.0,0.0,0.0,0.0,0.0,0.0,0.0,172.25806,102.62378,1028.0,0.0,1.0,171.83276,109.60791,428.0,0.0,0.0,89.27783,171.12988,1056.0,1.0,0.0,farm
8,128.7040778,37.13565135656164,125.1074449,37.084753808817176,13869,2,2,0,0,12,10,7548,6321,1227,1227,157.67432,80.048584,1891.0,0.0,0.0,83.298584,152.7976,1865.0,0.0,0.0,92.98389,161.31519,838.0,0.0,1.0,168.50073,82.08276,869.0,1.0,0.0,90.20703,167.69604,2000.0,0.0,0.0,125.865234,129.57642,125.865234,129.57642,123.0603,128.13208,123.0603,128.13208,2085.0,1508.0,2085.0,1508.0,0.0,0.0,0.0,0.0,0.0,0.0,0.0,0.0,175.36133,90.25342,1231.0,0.0,1.0,170.28418,92.491455,481.0,0.0,0.0,93.28906,173.19702,1101.0,1.0,0.0,farm
9,131.616529,36.76364516793604,127.082763,33.10155125984247,15022,2,2,0,0,12,9,8039,6983,1056,1056,169.43091,83.95044,1925.0,0.0,0.0,93.552,160.3872,1945.0,0.0,0.0,85.80298,151.29053,918.0,0.0,1.0,164.46802,89.68994,914.0,1.0,0.0,90.711426,166.33032,2261.0,0.0,0.0,123.868164,127.56738,123.868164,127.56738,124.24292,127.29224,124.24292,127.29224,2337.0,1553.0,2337.0,1553.0,0.0,0.0,0.0,0.0,0.0,0.0,0.0,0.0,188.33643,83.29321,1399.0,0.0,1.0,159.64551,119.97168,578.0,0.0,0.0,112.78247,164.37915,1192.0,1.0,0.0,farm
10,126.101001,31.181343436965083,133.52238649999998,21.188161552023185,15766,2,2,0,0,14,9,8560,7206,1354,1354,176.65723,98.43823,2123.0,0.0,0.0,83.22485,160.03247,2094.0,0.0,0.0,124.61792,137.35449,933.0,0.0,1.0,122.40552,123.053955,959.0,1.0,0.0,87.06836,165.97974,2407.0,0.0,0.0,121.27466,123.94653,121.27466,123.94653,137.90991,136.2976,137.90991,136.2976,2451.0,1608.0,2451.0,1608.0,0.0,0.0,0.0,0.0,0.0,0.0,0.0,0.0,178.52563,105.15723,1481.0,0.0,1.0,121.01587,128.80493,523.0,0.0,0.0,122.27344,142.19531,1187.0,1.0,0.0,team_fight
11,134.0928944,39.385332316878085,135.2998295,28.74485739089906,17790,4,4,0,0,14,6,9844,7946,1898,1898,179.60132,95.57349,2371.0,0.0,0.0,71.858154,163.01343,2403.0,0.0,0.0,114.17944,127.34839,1017.0,0.0,2.0,136.5332,119.06177,1114.0,1.0,0.0,80.055664,172.1018,2575.0,0.0,0.0,119.315186,182.96875,119.315186,182.96875,131.89551,177.3125,131.89551,177.3125,2939.0,1701.0,2939.0,1701.0,1.0,0.0,1.0,0.0,0.0,1.0,0.0,1.0,176.15234,97.50366,1683.0,0.0,1.0,151.19946,124.526855,606.0,0.0,0.0,129.06543,144.66089,1381.0,2.0,0.0,farm
12,129.6463616,33.396504846685026,134.9352065,24.422972040402183,18852,4,4,0,0,16,8,10448,8404,2044,2044,162.3208,81.313965,2454.0,0.0,0.0,79.4812,162.67041,2568.0,0.0,0.0,126.697266,142.54932,1060.0,0.0,2.0,123.46118,123.2793,1226.0,1.0,0.0,82.05664,168.05054,2778.0,0.0,0.0,119.88623,132.36157,119.88623,132.36157,134.63794,135.50977,134.63794,135.50977,3140.0,1816.0,3140.0,1816.0,1.0,0.0,1.0,0.0,0.0,1.0,0.0,1.0,190.96338,122.61914,1763.0,0.0,1.0,145.9729,128.35815,621.0,0.0,0.0,133.26245,150.36353,1426.0,2.0,0.0,gang
13,129.1390149,35.191760304770085,132.66194000000002,28.92931071793411,20277,4,4,0,0,16,8,11349,8928,2421,2421,174.38647,85.95972,2844.0,0.0,0.0,85.30591,162.65039,2924.0,0.0,0.0,123.32007,122.10181,1055.0,0.0,2.0,89.269775,134.17188,1271.0,1.0,0.0,85.983154,167.5061,2913.0,0.0,0.0,120.92627,129.32349,120.92627,129.32349,161.04004,128.34546,161.04004,128.34546,3255.0,2008.0,3255.0,2008.0,1.0,0.0,1.0,0.0,0.0,1.0,0.0,1.0,177.69312,92.2334,1900.0,0.0,1.0,161.71924,118.43262,666.0,0.0,0.0,143.46265,154.17798,1441.0,2.0,0.0,farm
14,139.649146,36.45254036044164,131.299317,22.96988950371336,21927,5,5,0,0,18,8,12496,9431,3065,3065,174.67871,110.91504,3128.0,0.0,0.0,82.34302,155.59741,3173.0,0.0,0.0,128.21094,117.69116,1315.0,0.0,2.0,173.84937,107.51245,1262.0,1.0,0.0,86.0083,165.97363,3098.0,0.0,0.0,118.53906,139.66724,118.53906,139.66724,123.32959,150.7002,123.32959,150.7002,3618.0,2194.0,3618.0,2194.0,2.0,0.0,2.0,0.0,0.0,1.0,0.0,1.0,179.17822,112.51099,1984.0,0.0,1.0,175.16504,112.27466,711.0,0.0,0.0,138.85156,156.48804,1444.0,2.0,1.0,farm
15,139.288551,30.40836517461837,129.6298832,27.185154536290515,23548,6,6,0,0,24,9,13465,10083,3382,3382,175.9856,95.43457,3365.0,0.0,0.0,91.64795,163.26953,3521.0,0.0,0.0,137.61475,126.69458,1310.0,0.0,2.0,164.92432,105.531006,1427.0,2.0,0.0,96.35376,183.4541,3348.0,0.0,0.0,134.10815,134.72998,134.10815,134.72998,116.62134,125.420166,116.62134,125.420166,3842.0,2437.0,3842.0,2437.0,2.0,0.0,2.0,0.0,0.0,1.0,0.0,1.0,171.14258,109.40918,1980.0,0.0,2.0,166.74341,125.09961,756.0,0.0,0.0,119.63501,145.36475,1562.0,2.0,1.0,push
16,139.9888426,35.91388445189523,128.533985,22.405289408974635,25185,8,8,0,0,25,8,14771,10414,4357,4357,188.7998,110.93262,3608.0,0.0,0.0,86.1936,161.39844,3828.0,0.0,0.0,162.6106,115.33301,1480.0,0.0,2.0,154.37769,111.85376,1678.0,3.0,0.0,80.5,172.36621,3551.0,0.0,0.0,148.68335,135.74731,148.68335,135.74731,118.254395,125.85913,118.254395,125.85913,4177.0,2421.0,4177.0,2421.0,3.0,0.0,3.0,0.0,0.0,2.0,0.0,2.0,176.25342,105.69116,2064.0,0.0,2.0,150.35498,124.823975,801.0,0.0,1.0,116.367676,138.82715,1577.0,2.0,1.0,gang
17,134.1363275,35.632392247131385,120.8714602,33.4514298265538,26466,8,8,0,0,26,7,15468,10998,4470,4470,160.31201,83.07056,3709.0,0.0,0.0,84.97803,164.02637,4083.0,0.0,0.0,127.775635,117.762695,1525.0,0.0,2.0,150.32959,98.596436,1723.0,3.0,0.0,96.71924,182.43945,3804.0,0.0,0.0,76.80859,154.3623,76.80859,154.3623,78.90405,131.19263,78.90405,131.19263,4428.0,2416.0,4428.0,2416.0,3.0,0.0,3.0,0.0,0.0,2.0,0.0,2.0,175.82373,101.636475,2325.0,0.0,2.0,149.00195,135.58911,846.0,0.0,1.0,165.2522,115.496826,1607.0,2.0,1.0,farm
18,131.61264599999998,40.14566395969933,105.6929925,36.75436030997919,28484,9,9,0,0,26,8,16325,12159,4166,4166,82.32031,78.81152,3774.0,0.0,0.0,73.649414,160.23633,4318.0,0.0,0.0,123.0791,119.51611,1737.0,0.0,2.0,165.6643,79.00391,1772.0,3.0,1.0,82.15869,172.97876,4064.0,0.0,0.0,122.840576,162.21216,122.840576,162.21216,125.63452,80.068115,125.63452,80.068115,4724.0,2565.0,4724.0,2565.0,3.0,0.0,3.0,0.0,0.0,2.0,0.0,2.0,172.17456,81.37109,2779.0,1.0,2.0,163.5481,75.92871,995.0,0.0,1.0,168.47925,83.38086,1756.0,2.0,1.0,gang
19,132.26379400000002,27.20012718360143,127.5860595,27.363762422906284,29824,9,9,0,1,28,8,17195,12629,4566,4566,169.79175,93.29736,3999.0,0.0,0.0,84.51758,166.00269,4318.0,0.0,0.0,137.8789,123.29004,1872.0,0.0,2.0,128.10693,115.78076,1907.0,3.0,1.0,86.7395,185.80103,4274.0,0.0,0.0,134.37207,140.9668,134.37207,140.9668,125.8374,119.26196,125.8374,119.26196,5099.0,2770.0,5099.0,2770.0,3.0,0.0,3.0,0.0,0.0,2.0,0.0,2.0,154.77515,111.813965,2874.0,1.0,2.0,138.12622,114.9895,1010.0,0.0,1.0,147.36304,119.78589,1701.0,2.0,1.0,split-push
20,134.2854475,31.118775165905625,139.72478,27.71026021320944,31570,12,12,0,1,29,9,18543,13027,5516,5516,168.73901,103.37964,4181.0,0.0,0.0,87.48462,160.96118,4482.0,0.0,0.0,124.78906,135.97949,1993.0,0.0,2.0,160.9668,118.72705,2078.0,3.0,1.0,85.79443,185.57812,4556.0,0.0,0.0,127.845215,140.05908,127.845215,140.05908,127.68677,115.75928,127.68677,115.75928,5809.0,2776.0,5809.0,2776.0,6.0,0.0,6.0,0.0,0.0,3.0,0.0,3.0,139.8789,118.20752,2919.0,1.0,3.0,179.42285,171.48218,1030.0,0.0,2.0,127.87451,159.48657,1746.0,2.0,1.0,team_fight
21,127.798096,34.11955430178881,138.5681389,28.507333956957783,33301,12,12,0,1,30,8,19638,13663,5975,5975,174.77783,93.599365,4502.0,0.0,0.0,77.87891,158.16064,4787.0,0.0,0.0,126.83789,143.20996,2038.0,0.0,2.0,136.2085,125.128174,2147.0,3.0,1.0,93.72949,176.53857,4767.0,0.0,0.0,111.45825,136.59082,111.45825,136.59082,135.29443,134.5564,135.29443,134.5564,6164.0,2960.0,6164.0,2960.0,6.0,0.0,6.0,0.0,0.0,3.0,0.0,3.0,163.86694,117.29346,3016.0,1.0,3.0,166.396,115.75098,1127.0,0.0,2.0,90.23633,186.14941,1793.0,2.0,1.0,farm
22,125.2788085,23.771362681087176,135.65874,13.46332376562965,35653,13,13,0,1,31,10,20283,15370,4913,4913,150.86841,126.579346,4830.0,0.0,0.0,82.57129,152.18579,5055.0,0.0,0.0,151.18237,128.51343,2083.0,0.0,2.0,125.565186,124.32324,2176.0,3.0,1.0,86.049805,165.98926,5106.0,0.0,0.0,121.865234,136.2981,121.865234,136.2981,126.247314,137.98853,126.247314,137.98853,6139.0,3176.0,6139.0,3176.0,6.0,0.0,6.0,0.0,1.0,3.0,1.0,3.0,140.69897,129.78027,3378.0,1.0,3.0,128.26855,128.77246,1305.0,0.0,2.0,129.42017,136.20776,2405.0,3.0,1.0,team_fight
23,128.544019,27.472707928121217,132.651342,32.1959754998429,36423,13,13,0,1,32,9,20841,15582,5259,5259,145.55127,111.14966,5001.0,0.0,0.0,92.45801,175.29248,5307.0,0.0,0.0,126.49927,125.90503,2128.0,0.0,2.0,138.95605,117.052,2221.0,3.0,1.0,120.70874,189.67651,5086.0,0.0,0.0,73.24805,130.55151,73.24805,130.55151,80.71362,131.82397,80.71362,131.82397,6184.0,3303.0,6184.0,3303.0,6.0,0.0,6.0,0.0,1.0,3.0,1.0,3.0,164.77808,116.93994,3411.0,1.0,3.0,149.42798,123.44385,1288.0,0.0,2.0,143.26123,154.51636,2494.0,3.0,1.0,farm
24,133.679248,27.84049940500861,127.5302476,20.845461645103143,39044,15,15,0,1,33,8,21958,17086,4872,4872,161.0398,117.326416,5049.0,0.0,0.0,84.67285,172.6101,5513.0,0.0,0.0,82.82153,91.33325,2335.0,0.0,2.0,146.25,121.75,2290.0,3.0,2.0,146.07178,133.97192,5450.0,0.0,0.0,138.28906,128.125,138.28906,128.125,124.19531,132.89673,124.19531,132.89673,6771.0,3347.0,6771.0,3347.0,7.0,0.0,7.0,0.0,1.0,4.0,1.0,4.0,151.35327,137.38745,3793.0,1.0,3.0,142.43677,112.18872,1790.0,1.0,2.0,155.73242,131.64258,2706.0,3.0,1.0,team_fight
25,137.1189215,35.42090063952763,135.1458748,33.064573422687104,42136,15,16,0,2,33,9,24153,17983,6170,6170,163.79395,88.31763,5725.0,0.0,0.0,97.2666,164.93994,6106.0,0.0,0.0,82.55005,165.7334,2488.0,0.0,2.0,121.02466,121.48633,2578.0,3.0,2.0,191.87451,122.079834,5621.0,0.0,0.0,117.81421,121.441895,117.81421,121.441895,91.278564,164.1753,91.278564,164.1753,7256.0,3605.0,7256.0,3605.0,7.0,0.0,7.0,0.0,1.0,4.0,1.0,4.0,180.89917,174.19214,4128.0,1.0,3.0,150.10083,106.03369,1857.0,1.0,3.0,144.42334,153.22192,2772.0,3.0,1.0,split-push
26,129.731617,28.17467305291237,142.1292731,33.50621427825572,44403,15,16,0,2,35,9,25587,18816,6771,6771,176.78369,97.109375,6006.0,0.0,0.0,97.698,171.03052,6566.0,0.0,0.0,100.83374,182.2351,2566.0,0.0,2.0,120.450195,122.908936,2807.0,3.0,2.0,157.40845,122.47217,5758.0,0.0,0.0,114.90503,127.095215,114.90503,127.095215,92.24658,172.01636,92.24658,172.01636,7642.0,3818.0,7642.0,3818.0,7.0,0.0,7.0,0.0,1.0,4.0,1.0,4.0,139.24976,151.29346,4401.0,1.0,3.0,162.21753,131.73804,1962.0,1.0,3.0,100.67456,178.24219,2877.0,3.0,1.0,farm
27,132.6107665,30.68664127791603,141.43815999999998,36.84827208630368,47114,16,17,0,2,37,8,27331,19783,7548,7548,174.12427,89.31299,6514.0,0.0,0.0,106.31787,173.02881,7020.0,0.0,0.0,125.9043,132.41382,2818.0,1.0,2.0,110.26172,164.5293,3019.0,3.0,2.0,151.44922,124.74707,6164.0,0.0,0.0,102.71118,143.46606,102.71118,143.46606,132.57324,155.18604,132.57324,155.18604,7960.0,4006.0,7960.0,4006.0,7.0,0.0,7.0,0.0,1.0,4.0,1.0,4.0,123.318115,186.01929,4690.0,1.0,3.0,187.8125,78.2312,2010.0,1.0,3.0,100.74243,178.33984,2913.0,3.0,2.0,gang
28,145.616529,17.65165641888945,142.338915,30.774493263344,48681,16,17,0,2,39,10,28389,20292,8097,8097,168.97168,88.62329,6838.0,0.0,0.0,128.40112,152.15161,7304.0,0.0,0.0,143.51758,131.69482,2865.0,1.0,2.0,129.4231,151.51611,3016.0,3.0,2.0,175.98047,118.28003,6337.0,0.0,0.0,131.41895,150.89038,131.41895,150.89038,109.58423,144.51001,109.58423,144.51001,8366.0,4176.0,8366.0,4176.0,7.0,0.0,7.0,0.0,1.0,4.0,1.0,4.0,124.18286,190.94531,4962.0,1.0,3.0,154.06055,166.59766,1907.0,1.0,3.0,149.3186,169.48608,2910.0,3.0,2.0,farm
29,154.219044,36.003437041331104,132.954248,14.048064461220124,50064,16,17,0,2,43,9,29010,21054,7956,7956,181.2666,117.04077,7083.0,0.0,0.0,189.09009,131.82349,7351.0,0.0,0.0,190.21558,130.00366,2862.0,1.0,2.0,184.4607,120.74609,3013.0,3.0,2.0,183.83008,134.43799,6560.0,0.0,0.0,153.56543,124.79834,153.56543,124.79834,119.63037,135.41919,119.63037,135.41919,8701.0,4385.0,8701.0,4385.0,7.0,0.0,7.0,0.0,1.0,4.0,1.0,4.0,96.89209,166.82031,5248.0,1.0,3.0,117.72534,135.96802,1954.0,1.0,3.0,120.34619,137.65259,2907.0,3.0,2.0,gang
30,122.7479974,38.29571362862384,130.2873291,23.59836161505148,52786,16,17,0,3,45,10,31149,21637,9512,9512,172.78955,105.941895,8042.0,0.0,0.0,79.06836,155.17627,7751.0,0.0,0.0,150.39038,111.96411,3000.0,1.0,2.0,165.29077,106.97241,3151.0,3.0,2.0,139.6438,152.07202,6744.0,0.0,0.0,161.86328,87.8291,161.86328,87.8291,90.638916,146.26465,90.638916,146.26465,9205.0,4433.0,9205.0,4433.0,7.0,0.0,7.0,0.0,1.0,4.0,1.0,4.0,90.42407,144.78052,5503.0,1.0,3.0,89.69458,145.71094,2002.0,1.0,3.0,90.486084,143.35156,2955.0,3.0,2.0,farm
31,97.5419676,36.9240160378458,148.5909436,28.09124272041435,55005,19,20,0,3,46,9,32655,22350,10305,10305,130.30347,121.788086,7790.0,0.0,0.0,72.80591,161.78906,8131.0,0.0,0.0,71.72363,162.9043,3393.0,2.0,2.0,79.13208,163.12305,3380.0,3.0,2.0,137.53662,126.44116,7221.0,0.0,0.0,80.31738,176.18286,80.31738,176.18286,161.90723,85.10303,161.90723,85.10303,9961.0,4564.0,9961.0,4564.0,9.0,0.0,9.0,0.0,1.0,4.0,1.0,4.0,73.879395,165.21704,5544.0,1.0,4.0,70.598145,168.6482,2049.0,1.0,4.0,82.940186,168.98828,2972.0,3.0,3.0,gang
32,151.937867,26.673334541330085,146.46721200000002,25.1121607839499,57356,19,20,0,3,48,10,34301,23055,11246,11246,137.81592,154.5935,8409.0,0.0,0.0,123.28882,162.78687,8534.0,0.0,0.0,131.0188,149.79346,3552.0,2.0,2.0,130.87866,158.12744,3392.0,3.0,2.0,183.9502,120.75,7442.0,0.0,0.0,114.78467,170.55981,114.78467,170.55981,128.11743,93.68457,128.11743,93.68457,10414.0,4904.0,10414.0,4904.0,9.0,0.0,9.0,0.0,1.0,4.0,1.0,4.0,181.69263,179.28906,5592.0,1.0,4.0,171.47974,162.78711,2097.0,1.0,4.0,173.90942,154.74268,3020.0,3.0,3.0,farm
33,142.162134,16.244785100761266,141.6792475,34.357228620031435,59525,19,20,0,3,50,9,35831,23694,12137,12137,120.97974,148.77612,8925.0,0.0,0.0,128.3916,170.7351,8787.0,0.0,0.0,124.82129,150.30542,3670.0,2.0,2.0,127.23779,164.00513,3604.0,3.0,2.0,158.69019,122.97412,7681.0,0.0,0.0,154.06714,159.93872,154.06714,159.93872,64.008545,129.13843,64.008545,129.13843,10845.0,5165.0,10845.0,5165.0,9.0,0.0,9.0,0.0,1.0,4.0,1.0,4.0,134.37866,192.26465,5737.0,1.0,4.0,154.64868,140.37842,2144.0,1.0,4.0,158.46753,134.20654,2967.0,3.0,3.0,farm
34,127.042309,6.589698069094839,168.829614,6.471666099729051,61482,20,21,0,3,52,10,37210,24272,12938,12938,120.64746,163.42871,9246.0,0.0,0.0,134.25928,166.87793,9137.0,0.0,0.0,127.82861,153.1582,3717.0,2.0,2.0,120.92212,174.03955,3707.0,3.0,2.0,126.16919,173.86792,7895.0,0.0,0.0,115.29077,135.03906,115.29077,135.03906,173.2102,168.56543,173.2102,168.56543,11403.0,5175.0,11403.0,5175.0,10.0,0.0,10.0,0.0,1.0,4.0,1.0,4.0,129.09839,172.51929,6047.0,1.0,4.0,126.8667,170.75757,2141.0,1.0,5.0,134.30151,171.87134,3014.0,3.0,3.0,team_fight
35,139.879932,10.838419812743098,171.92085,14.508992710730972,62523,21,22,0,3,54,10,38175,24348,13827,13827,138.00513,173.47437,9397.0,0.0,0.0,123.34326,143.29468,9517.0,0.0,0.0,146.97632,179.63867,3993.0,3.0,2.0,135.31079,177.80615,3778.0,3.0,2.0,152.4707,151.29175,7943.0,0.0,0.0,140.32886,125.35181,140.32886,125.35181,184.30127,190.54077,184.30127,190.54077,11490.0,5148.0,11490.0,5148.0,10.0,0.0,10.0,0.0,1.0,4.0,1.0,4.0,148.27808,169.75928,6056.0,1.0,5.0,133.67993,170.39844,2189.0,1.0,5.0,155.05444,178.70312,3012.0,3.0,3.0,team_fight
36,134.82468260000002,14.820697128477864,166.87165499999998,19.304997076914937,65248,24,25,0,3,54,10,39790,25458,14332,14332,129.12573,161.26367,9987.0,0.0,0.0,129.06934,174.73047,9806.0,1.0,0.0,133.1897,163.46997,4218.0,3.0,2.0,134.23169,178.21094,3865.0,3.0,3.0,166.6477,116.25659,8475.0,0.0,0.0,120.58984,116.86206,120.58984,116.86206,175.97388,185.19995,175.97388,185.19995,11914.0,5257.0,11914.0,5257.0,11.0,0.0,11.0,0.0,1.0,5.0,1.0,5.0,148.27808,169.75928,6103.0,1.0,5.0,125.403076,178.27783,2564.0,2.0,6.0,144.84961,165.57397,3059.0,3.0,3.0,push
37,135.9903321,26.88563419769421,149.44546,12.9192870855073,68065,24,25,0,4,54,10,41633,26432,15201,15201,108.54883,142.20483,10604.0,0.0,0.0,117.133545,147.9187,10019.0,1.0,0.0,115.11621,149.36646,4384.0,3.0,2.0,112.87866,137.39478,4230.0,3.0,3.0,191.30933,132.3396,9065.0,0.0,0.0,114.190186,144.77222,114.190186,144.77222,150.75,176.21094,150.75,176.21094,12396.0,5464.0,12396.0,5464.0,11.0,0.0,11.0,0.0,1.0,5.0,1.0,5.0,146.38647,145.9065,6186.0,1.0,5.0,154.83374,146.48047,2611.0,2.0,6.0,154.73413,165.88232,3106.0,3.0,3.0,farm
38,106.6554435,4.036746436131761,141.138036,3.974793701274736,70061,24,25,1,4,55,10,42815,27246,15569,15569,103.28906,134.19458,10787.0,0.0,0.0,102.25,147.25,10202.0,1.0,0.0,100.05371,141.62305,4567.0,3.0,2.0,108.85278,141.79077,4680.0,3.0,3.0,108.03662,139.65918,9194.0,0.0,0.0,104.21655,107.49829,104.21655,107.49829,144.69482,144.77344,144.69482,144.77344,12579.0,5594.0,12579.0,5594.0,11.0,0.0,11.0,0.0,1.0,5.0,1.0,5.0,110.90625,136.79028,6569.0,1.0,5.0,112.69263,142.25244,2609.0,2.0,6.0,108.758545,138.3518,3280.0,3.0,3.0,Roshan
39,127.8976084,19.373546953480314,149.161449,16.262607066928755,72910,27,28,1,4,56,10,45367,27543,17824,17824,144.11182,167.25854,11291.0,0.0,0.0,147.72974,164.65381,10546.0,1.0,0.0,145.9375,160.17822,4911.0,3.0,2.0,115.91138,124.30322,5068.0,3.0,3.0,154.76733,168.43213,9311.0,0.0,0.0,120.751465,108.916504,120.751465,108.916504,128.7019,144.98364,128.7019,144.98364,13551.0,5572.0,13551.0,5572.0,14.0,0.0,14.0,0.0,1.0,6.0,1.0,6.0,95.852295,155.7876,6686.0,1.0,5.0,126.63208,139.51318,2659.0,2.0,7.0,118.36597,137.80225,3315.0,3.0,4.0,team_fight
40,132.32932150000002,40.23538266026544,150.03483799999998,29.558380341003048,74561,27,28,1,4,57,8,46826,27735,19091,19091,75.24341,186.48584,11754.0,0.0,0.0,133.8479,142.05835,10978.0,1.0,0.0,81.09473,156.79956,4979.0,3.0,2.0,76.487305,78.6145,5186.0,3.0,3.0,163.24072,146.74683,9359.0,0.0,0.0,138.84863,153.69434,138.84863,153.69434,135.36401,153.33813,135.36401,153.33813,13929.0,5620.0,13929.0,5620.0,14.0,0.0,14.0,0.0,1.0,6.0,1.0,6.0,181.74731,179.24731,6686.0,1.0,5.0,169.22974,160.50952,2707.0,2.0,7.0,149.85913,161.18433,3363.0,3.0,4.0,push
41,145.1790264,42.360181572087406,138.639159,18.60646674792482,76506,27,28,1,4,58,9,47963,28543,19420,19420,96.903564,167.1521,12188.0,0.0,0.0,170.13257,124.70703,11229.0,1.0,0.0,65.78198,131.71338,5026.0,3.0,2.0,169.56982,115.28906,5133.0,3.0,3.0,182.81909,134.24927,9586.0,0.0,0.0,188.59424,137.57446,188.59424,137.57446,120.94946,139.10522,120.94946,139.10522,14387.0,5853.0,14387.0,5853.0,14.0,0.0,14.0,0.0,1.0,6.0,1.0,6.0,117.87402,165.4519,6837.0,1.0,5.0,190.20605,129.58496,2799.0,2.0,7.0,132.33447,158.18921,3468.0,3.0,4.0,farm
42,131.979712,32.961604712198714,158.0275385,30.15603373223712,79738,29,30,1,5,60,9,49244,30494,18750,18750,109.11035,183.94092,12292.0,0.0,1.0,98.98486,172.31958,11316.0,1.0,0.0,165.30469,124.683105,5083.0,3.0,2.0,168.03906,115.28003,5270.0,3.0,3.0,144.33081,185.97339,9692.0,0.0,0.0,129.14551,105.91211,129.14551,105.91211,127.40698,180.00024,127.40698,180.00024,15283.0,6873.0,15283.0,6873.0,15.0,1.0,15.0,1.0,1.0,6.0,1.0,6.0,101.17676,180.54199,7337.0,1.0,5.0,190.09375,126.39697,2776.0,2.0,8.0,107.69922,183.73218,3816.0,3.0,4.0,farm
43,129.9110585,38.45815074566365,156.783667,25.490594291071385,82225,30,31,1,6,62,10,51342,30883,20459,20459,109.11035,183.94092,12567.0,0.0,1.0,114.207275,169.32056,12282.0,2.0,0.0,178.14648,131.21582,5308.0,3.0,2.0,157.05493,122.49927,5408.0,3.0,3.0,158.42896,157.05835,9876.0,0.0,0.0,149.27954,79.17236,149.27954,79.17236,118.41577,165.8728,118.41577,165.8728,15777.0,7117.0,15777.0,7117.0,15.0,1.0,15.0,1.0,1.0,6.0,1.0,6.0,99.30298,182.67212,7202.0,1.0,6.0,176.46948,150.69653,2824.0,2.0,8.0,77.93823,186.14453,3864.0,3.0,4.0,farm
44,149.015161,34.94065746635714,142.1629876,21.19408409325049,84630,30,31,1,6,63,9,52948,31682,21266,21266,160.16333,125.252686,12638.0,0.0,1.0,134.81592,167.93335,12775.0,2.0,0.0,176.75562,124.54126,5765.0,3.0,2.0,115.48071,125.87036,5504.0,3.0,3.0,157.83813,156.1687,10257.0,0.0,0.0,132.27417,77.85742,132.27417,77.85742,153.41333,164.13525,153.41333,164.13525,16266.0,7362.0,16266.0,7362.0,15.0,1.0,15.0,1.0,1.0,6.0,1.0,6.0,155.90527,165.5581,7249.0,1.0,6.0,192.32886,127.30127,2953.0,2.0,8.0,186.73218,111.45557,3861.0,3.0,4.0,farm
45,131.1393563,42.30803288340004,132.4369626,25.88811947965916,86595,30,31,1,6,64,7,53958,32637,21321,21321,132.62744,115.02344,13117.0,0.0,1.0,142.22998,133.86133,13025.0,2.0,0.0,82.78125,178.72192,5662.0,3.0,2.0,63.932373,155.95825,5551.0,3.0,3.0,178.5603,135.7893,10897.0,0.0,0.0,73.51172,148.06104,73.51172,148.06104,78.795166,141.73633,78.795166,141.73633,16603.0,7492.0,16603.0,7492.0,15.0,1.0,15.0,1.0,1.0,6.0,1.0,6.0,152.45264,128.4419,7296.0,1.0,6.0,166.43018,128.66284,3044.0,2.0,8.0,170.80664,127.37915,3908.0,3.0,4.0,farm
46,136.513452,18.57660628423274,137.40044,30.949502203078403,88444,30,31,1,6,64,10,54986,33458,21528,21528,115.01196,92.0564,13523.0,0.0,1.0,137.99536,118.61987,13458.0,2.0,0.0,128.3374,132.4043,5850.0,3.0,2.0,131.08203,121.46997,5589.0,3.0,3.0,147.65796,153.85522,11051.0,0.0,0.0,127.45386,112.69995,127.45386,112.69995,133.4231,176.93188,133.4231,176.93188,16566.0,7890.0,16566.0,7890.0,15.0,1.0,15.0,1.0,1.0,6.0,1.0,6.0,173.63257,100.69214,7469.0,1.0,6.0,134.9668,184.60303,3092.0,2.0,8.0,156.29663,159.94849,3956.0,3.0,4.0,farm
47,146.72065400000002,40.69377865018577,117.9325192,41.25585049861196,90716,31,32,1,6,64,8,56599,34117,22482,22482,158.8479,85.920166,13768.0,0.0,1.0,176.95801,90.2168,13823.0,2.0,0.0,77.92456,144.8457,5897.0,3.0,2.0,173.0542,88.58887,5636.0,3.0,3.0,157.58301,157.4873,11300.0,0.0,0.0,174.26538,63.90332,174.26538,63.90332,66.85693,159.88159,66.85693,159.88159,17475.0,8264.0,17475.0,8264.0,16.0,1.0,16.0,1.0,1.0,6.0,1.0,6.0,159.88281,67.052246,7436.0,1.0,7.0,159.54907,157.50415,3139.0,2.0,8.0,165.23828,160.97144,3978.0,3.0,4.0,farm
48,138.127247,32.84411614438864,139.6950922,29.21967230517208,93162,31,32,1,6,65,9,57883,35279,22604,22604,92.55371,131.3584,14287.0,0.0,1.0,163.0586,131.89526,14229.0,2.0,0.0,96.73389,166.15454,5944.0,3.0,2.0,169.91211,125.541016,5683.0,3.0,3.0,156.58008,162.52661,11970.0,0.0,0.0,102.70166,178.36694,102.70166,178.36694,162.2627,146.07886,162.2627,146.07886,17740.0,8387.0,17740.0,8387.0,16.0,1.0,16.0,1.0,1.0,6.0,1.0,6.0,159.88281,67.052246,7559.0,1.0,7.0,115.1001,152.34814,3262.0,2.0,8.0,146.38257,151.73315,4101.0,3.0,4.0,def
49,160.6560316,23.525267912818794,141.5667235,18.84329599660727,95527,31,32,1,6,66,10,59178,36349,22829,22829,136.54932,119.70581,14839.0,0.0,1.0,168.12036,133.38184,14478.0,2.0,0.0,120.346436,151.90454,6030.0,3.0,2.0,174.19678,129.96655,5731.0,3.0,3.0,125.55713,186.24683,12217.0,0.0,0.0,177.14478,177.73267,177.14478,177.73267,123.765625,144.23657,123.765625,144.23657,18100.0,8969.0,18100.0,8969.0,16.0,1.0,16.0,1.0,1.0,6.0,1.0,6.0,178.46484,144.69824,7655.0,1.0,7.0,168.97412,134.62622,3310.0,2.0,8.0,179.47388,147.13501,4198.0,3.0,4.0,farm
50,164.728907,30.470994886734147,150.39260199999998,9.005739602728429,97736,32,33,1,6,66,9,60424,37312,23112,23112,178.50342,149.14648,14941.0,0.0,1.0,165.79956,146.16675,14823.0,2.0,0.0,168.83838,142.07227,6077.0,3.0,2.0,179.32178,145.11108,5880.0,3.0,3.0,79.51587,165.64014,12956.0,0.0,0.0,177.34058,172.89038,177.34058,172.89038,144.04297,155.55273,144.04297,155.55273,18703.0,9016.0,18703.0,9016.0,17.0,1.0,17.0,1.0,1.0,6.0,1.0,6.0,181.81274,158.74487,7702.0,1.0,7.0,166.08838,137.80103,3357.0,2.0,9.0,177.17798,159.6477,4281.0,3.0,4.0,gang
51,173.143237,9.191282430553496,143.183324,11.380811662847448,99651,32,33,1,7,66,10,61755,37896,23859,23859,172.03955,127.97949,15424.0,0.0,1.0,155.56567,140.89355,14996.0,2.0,0.0,177.11401,144.29077,6250.0,3.0,2.0,167.83203,132.41553,6053.0,3.0,3.0,175.14453,151.3501,13009.0,0.0,0.0,160.90137,183.99976,160.90137,183.99976,124.41333,147.79028,124.41333,147.79028,19032.0,9223.0,19032.0,9223.0,17.0,1.0,17.0,1.0,1.0,6.0,1.0,6.0,177.18506,154.56738,7885.0,1.0,7.0,180.65454,152.41992,3404.0,2.0,9.0,180.99585,155.71289,4375.0,3.0,4.0,def
52,152.068041,28.96783259459532,131.662061,18.992909774530325,103021,33,34,1,7,67,9,62881,40140,22741,22741,96.30029,169.44287,16178.0,0.0,1.0,122.71094,146.19507,14977.0,2.0,0.0,177.05005,143.9502,6172.0,3.0,3.0,126.85156,136.396,6100.0,3.0,3.0,161.22119,125.072266,13563.0,0.0,0.0,174.15796,183.52344,174.15796,183.52344,103.26611,119.62207,103.26611,119.62207,19454.0,9803.0,19454.0,9803.0,17.0,2.0,17.0,2.0,1.0,6.0,1.0,6.0,179.38403,112.341064,8409.0,1.0,7.0,150.78442,124.59595,3824.0,2.0,9.0,148.69653,135.73901,4541.0,3.0,4.0,farm
53,139.1894035,18.901040691468708,143.007225,23.75723659242858,104486,33,34,1,7,70,10,63791,40695,23096,23096,106.50488,137.48291,16251.0,0.0,1.0,137.36084,152.5315,15024.0,2.0,0.0,126.34741,142.02002,6274.0,3.0,3.0,137.36133,158.17114,6218.0,3.0,3.0,143.99219,171.36816,13876.0,0.0,0.0,127.779785,143.15112,127.779785,143.15112,130.8623,159.1394,130.8623,159.1394,20024.0,9850.0,20024.0,9850.0,17.0,2.0,17.0,2.0,1.0,6.0,1.0,6.0,181.00317,123.10986,8510.0,1.0,7.0,142.21094,91.28955,3871.0,2.0,9.0,146.18237,164.09741,4588.0,3.0,4.0,farm
54,150.584766,6.437721309402715,170.45764200000002,6.315711838672743,106584,34,35,1,7,71,10,65418,41166,24252,24252,146.3479,165.34644,16769.0,0.0,1.0,149.5603,175.88159,15317.0,2.0,0.0,142.63843,176.1311,6415.0,3.0,3.0,146.97583,168.89233,6309.0,3.0,3.0,157.02979,173.75513,14046.0,0.0,0.0,146.55884,143.45776,146.55884,143.45776,174.48462,159.96436,174.48462,159.96436,20608.0,9652.0,20608.0,9652.0,18.0,2.0,18.0,2.0,1.0,7.0,1.0,7.0,154.63525,162.8103,8874.0,1.0,7.0,159.64673,168.52295,3958.0,2.0,9.0,158.99683,178.7876,4636.0,3.0,4.0,gang
55,149.420166,14.689171843198876,165.541701,9.688300190239149,107588,34,35,1,7,74,10,65769,41819,23950,23950,137.65308,150.37305,16817.0,0.0,1.0,141.57227,162.24023,15365.0,2.0,0.0,133.31226,161.67871,6413.0,3.0,3.0,133.64673,158.57886,6357.0,3.0,3.0,154.72485,171.80225,14346.0,0.0,0.0,138.20581,176.94946,138.20581,176.94946,154.30005,175.40454,154.30005,175.40454,20817.0,9700.0,20817.0,9700.0,18.0,2.0,18.0,2.0,1.0,7.0,1.0,7.0,159.8081,166.6377,8922.0,1.0,7.0,155.69702,178.69434,4006.0,2.0,9.0,162.63208,175.70728,4845.0,3.0,4.0,def
56,136.072754,19.77280065100833,154.417945,23.310322567841176,110218,34,35,1,7,76,10,67481,42737,24744,24744,136.35767,143.31274,17354.0,0.0,1.0,143.03516,145.70044,15823.0,2.0,0.0,142.30444,140.4773,6493.0,3.0,3.0,140.41309,149.4248,6487.0,3.0,3.0,163.1372,125.46167,15024.0,0.0,0.0,129.19214,98.68823,129.19214,98.68823,137.35889,186.59448,137.35889,186.59448,21324.0,9748.0,21324.0,9748.0,18.0,2.0,18.0,2.0,1.0,7.0,1.0,7.0,146.11255,189.81934,8970.0,1.0,7.0,153.95361,141.73267,4102.0,2.0,9.0,107.53345,184.29712,4893.0,3.0,4.0,farm
57,139.233154,35.02793840941072,153.7096675,28.01943849626197,113702,35,36,1,8,77,8,70278,43424,26854,26854,155.66968,171.19043,17851.0,0.0,1.0,158.55078,173.37695,16417.0,3.0,0.0,145.65991,172.71118,7096.0,3.0,3.0,145.22583,168.92578,6876.0,3.0,3.0,157.69409,85.734375,15850.0,0.0,0.0,151.83496,85.94092,151.83496,85.94092,173.55078,162.22388,173.55078,162.22388,22038.0,10347.0,22038.0,10347.0,18.0,2.0,18.0,2.0,1.0,7.0,1.0,7.0,170.12744,158.01074,9093.0,1.0,7.0,157.7854,139.28125,3148.0,2.0,10.0,63.84253,132.09131,4986.0,3.0,4.0,split-push
58,136.610669,37.17645854523515,130.9334965,27.504307591205297,116902,35,36,1,8,78,8,72606,44296,28310,28310,111.15405,141.56763,18443.0,0.0,1.0,139.13647,139.98193,16669.0,3.0,0.0,119.28906,116.19531,7299.0,3.0,3.0,96.61328,142.83813,7079.0,3.0,3.0,153.01196,64.10181,16297.0,0.0,0.0,156.89917,69.8374,156.89917,69.8374,121.473145,154.323,121.473145,154.323,23116.0,10678.0,23116.0,10678.0,18.0,2.0,18.0,2.0,1.0,7.0,1.0,7.0,193.969,121.58081,9141.0,1.0,7.0,157.9939,149.56763,3146.0,2.0,10.0,168.2024,157.70557,5034.0,3.0,4.0,farm
59,132.8791995,35.66772977838484,134.1644545,29.195796671356696,119652,35,36,1,8,82,7,74472,45180,29292,29292,94.043945,169.80396,18887.0,0.0,1.0,125.76099,115.85156,17075.0,3.0,0.0,133.48291,106.44556,7730.0,3.0,3.0,82.73877,180.51367,7241.0,3.0,3.0,156.31226,127.74634,16593.0,0.0,0.0,181.6499,81.86597,181.6499,81.86597,96.16431,170.47925,96.16431,170.47925,23539.0,10850.0,23539.0,10850.0,18.0,2.0,18.0,2.0,1.0,7.0,1.0,7.0,157.11157,122.768555,9295.0,1.0,7.0,159.61523,119.60449,3410.0,2.0,10.0,156.21045,132.26685,5032.0,3.0,4.0,farm
60,143.9280024,28.6564293620433,137.55300400000002,27.794327263661145,121723,36,37,1,8,83,9,75979,45744,30235,30235,116.177734,168.23364,19808.0,1.0,1.0,136.56738,158.0127,17141.0,3.0,0.0,171.70703,101.148926,7780.0,3.0,3.0,126.02832,115.267334,7307.0,3.0,3.0,149.06055,151.46045,16933.0,0.0,0.0,153.03833,83.92114,153.03833,83.92114,111.42505,172.29834,111.42505,172.29834,23943.0,10776.0,23943.0,10776.0,18.0,2.0,18.0,2.0,1.0,8.0,1.0,8.0,171.26807,100.04932,9543.0,1.0,7.0,160.10571,152.51172,3410.0,2.0,10.0,171.40576,145.12256,5082.0,3.0,4.0,gang
61,150.625194,25.16942714415742,145.4348646,23.59796387758981,124056,40,41,1,8,83,9,78540,45516,33024,33024,144.50195,151.72095,20408.0,2.0,1.0,156.82495,154.86914,17685.0,4.0,0.0,176.37354,109.843506,8004.0,3.0,3.0,154.24316,151.15747,7630.0,3.0,3.0,149.9729,157.0459,16983.0,0.0,1.0,159.69409,83.92114,159.69409,83.92114,153.18579,172.29834,153.18579,172.29834,24813.0,10826.0,24813.0,10826.0,20.0,2.0,20.0,2.0,1.0,8.0,1.0,8.0,169.90283,95.39722,9257.0,1.0,8.0,155.48071,153.37476,3374.0,2.0,11.0,155.33667,155.45557,5076.0,3.0,5.0,team_fight
62,164.378174,10.1176307421069,144.8790045,20.60913032093548,127827,40,41,1,9,83,10,82061,45766,36295,36295,179.55762,151.63037,21074.0,2.0,1.0,162.31079,158.26709,18253.0,4.0,0.0,177.82178,152.47046,8894.0,3.0,3.0,172.85254,151.39062,8096.0,3.0,3.0,149.9729,157.0459,17033.0,0.0,1.0,161.11255,159.43335,161.11255,159.43335,154.0437,119.714355,154.0437,119.714355,25744.0,10876.0,25744.0,10876.0,20.0,2.0,20.0,2.0,1.0,8.0,1.0,8.0,169.90283,95.39722,9307.0,1.0,8.0,155.48071,153.37476,3424.0,2.0,11.0,155.33667,155.45557,5126.0,3.0,5.0,push
63,176.105349,11.105811972347777,158.97326900000002,10.534541597546244,131463,42,43,1,9,83,10,85347,46116,39231,39231,174.96338,158.05884,21717.0,2.0,1.0,167.63428,160.22437,18761.0,4.0,0.0,171.88843,149.99878,9324.0,3.0,3.0,179.87012,157.1709,8537.0,3.0,3.0,149.9729,157.0459,17083.0,0.0,1.0,180.98682,189.04688,180.98682,189.04688,158.57178,138.30591,158.57178,138.30591,27008.0,10926.0,27008.0,10926.0,22.0,2.0,22.0,2.0,1.0,8.0,1.0,8.0,184.49585,161.77295,9468.0,1.0,9.0,178.7981,172.80176,3463.0,2.0,11.0,183.39673,175.7815,5176.0,3.0,6.0,team_fight
64,179.875317,3.8316903815042505,170.089015,6.312107402772781,136125,43,45,1,11,84,10,87891,48234,39657,39657,180.20264,173.62427,22153.0,2.0,1.0,182.7832,175.20508,18713.0,4.0,1.0,175.67065,163.83374,9816.0,3.0,3.0,175.95947,163.23633,8917.0,3.0,3.0,176.84619,169.88818,17127.0,0.0,2.0,174.45972,180.91235,174.45972,180.91235,164.09668,174.698,164.09668,174.698,28292.0,11926.0,28292.0,11926.0,23.0,2.0,23.0,2.0,1.0,8.0,1.0,8.0,184.49585,161.77295,9512.0,1.0,9.0,184.02637,178.75342,4449.0,2.0,11.0,183.39673,175.7815,5220.0,3.0,6.0,push
