bin,avg_x,std_x,avg_y,std_y,sum_networth,sum_kills,sum_deaths,n_roshans,n_pushes,n_wards,hero_density,sum_networth_radiant,sum_networth_dire,net_worth_diff,abs_net_worth_diff,core_r_x,core_r_y,core_r_networth,core_r_kills,core_r_deaths,mid_r_x,mid_r_y,mid_r_networth,mid_r_kills,mid_r_deaths,hard_r_x,hard_r_x.1,hard_r_x.2,hard_r_x.3,hard_r_y,hard_r_y.1,hard_r_y.2,hard_r_y.3,hard_r_networth,hard_r_networth.1,hard_r_networth.2,hard_r_networth.3,hard_r_kills,hard_r_kills.1,hard_r_kills.2,hard_r_kills.3,hard_r_deaths,hard_r_deaths.1,hard_r_deaths.2,hard_r_deaths.3,sup_r_x,sup_r_y,sup_r_networth,sup_r_kills,sup_r_deaths,core_d_x,core_d_y,core_d_networth,core_d_kills,core_d_deaths,mid_d_x,mid_d_y,mid_d_networth,mid_d_kills,mid_d_deaths,hard_d_x,hard_d_y,hard_d_networth,hard_d_kills,hard_d_deaths,h_sup_d_x,h_sup_d_y,h_sup_d_networth,h_sup_d_kills,h_sup_d_deaths,sup_d_x,sup_d_y,sup_d_networth,sup_d_kills,sup_d_deaths,label
0,132.0541995,38.28078703184031,121.8672115,33.377011254899024,6915,0,0,0,0,4,7,3515,3400,115,115,170.5647,83.14111,723.0,0.0,0.0,125.42993,124.48511,723.0,0.0,0.0,78.46973,157.80493,78.46973,157.80493,157.93774,91.28906,157.93774,91.28906,723.0,723.0,723.0,723.0,0.0,0.0,0.0,0.0,0.0,0.0,0.0,0.0,155.20288,90.95508,623.0,0.0,0.0,82.23999,170.57715,723.0,0.0,0.0,125.73047,126.81299,673.0,0.0,0.0,176.24927,92.698975,658.0,0.0,0.0,163.1582,113.98584,723.0,0.0,0.0,85.691895,166.78906,623.0,0.0,0.0,farm
1,127.3353024,43.11210929700924,124.7706536,38.78284264465656,7819,0,0,0,0,5,6,3812,4007,-195,195,174.70068,82.12866,805.0,0.0,0.0,129.31299,129.1001,768.0,0.0,0.0,79.153564,178.36548,79.153564,178.36548,155.23071,77.076416,155.23071,77.076416,768.0,768.0,768.0,768.0,0.0,0.0,0.0,0.0,0.0,0.0,0.0,0.0,172.9231,82.2832,703.0,0.0,0.0,79.95752,160.26416,968.0,0.0,0.0,129.75098,130.1001,864.0,0.0,0.0,73.01196,181.65356,701.0,0.0,0.0,161.8081,92.00879,781.0,0.0,0.0,94.36865,157.86084,693.0,0.0,0.0,gang
2,132.945751,43.37296119879539,118.0411139,23.94758822330404,8677,0,0,0,0,6,7,4183,4494,-311,311,151.40454,77.495605,885.0,0.0,0.0,122.3667,122.94507,893.0,0.0,0.0,74.23193,177.05786,74.23193,177.05786,141.75171,98.75342,141.75171,98.75342,844.0,813.0,844.0,813.0,0.0,0.0,0.0,0.0,0.0,0.0,0.0,0.0,173.74536,100.8457,748.0,0.0,0.0,77.15283,149.42969,1108.0,0.0,0.0,125.53223,126.33496,1029.0,0.0,0.0,178.29712,105.12842,746.0,0.0,0.0,169.91406,108.757324,826.0,0.0,0.0,79.75488,148.96924,785.0,0.0,0.0,farm
3,126.8872076,43.25716938596865,125.1898195,32.559381970610545,9462,0,0,0,0,8,7,4576,4886,-310,310,166.08936,82.789795,1133.0,0.0,0.0,127.144775,125.7771,1021.0,0.0,0.0,78.04248,78.79541,78.04248,78.79541,148.41187,151.57202,148.41187,151.57202,833.0,846.0,833.0,846.0,0.0,0.0,0.0,0.0,0.0,0.0,0.0,0.0,178.23047,83.855225,743.0,0.0,0.0,81.272705,169.95752,1227.0,0.0,0.0,123.82007,124.40869,1155.0,0.0,0.0,189.42993,114.526855,858.0,0.0,0.0,154.14795,88.68945,781.0,0.0,0.0,91.898926,161.90967,865.0,0.0,0.0,farm
4,129.808789,44.18930943560651,123.97688,30.66333434305539,10341,0,0,0,0,8,7,4928,5413,-485,485,178.31592,88.62549,1239.0,0.0,0.0,125.66162,126.57837,1222.0,0.0,0.0,79.15088,96.28003,79.15088,96.28003,154.44385,156.31274,154.44385,156.31274,878.0,891.0,878.0,891.0,0.0,0.0,0.0,0.0,0.0,0.0,0.0,0.0,172.40698,90.30322,698.0,0.0,0.0,77.986084,156.64844,1396.0,0.0,0.0,127.0188,125.84717,1268.0,0.0,0.0,177.72144,94.44824,942.0,0.0,0.0,180.2622,90.4624,826.0,0.0,0.0,83.283936,156.09888,981.0,0.0,0.0,farm
5,127.7845945,35.974759441377046,120.5773924,32.82561502644469,10814,0,0,0,0,9,9,5116,5698,-582,582,167.0835,83.70044,1284.0,0.0,0.0,128.35815,122.42871,1340.0,0.0,0.0,80.57349,75.424805,80.57349,75.424805,128.93872,158.09863,128.93872,158.09863,923.0,936.0,923.0,936.0,0.0,0.0,0.0,0.0,0.0,0.0,0.0,0.0,159.63574,86.968994,633.0,0.0,0.0,94.35376,168.81787,1441.0,0.0,0.0,125.68237,125.39746,1435.0,0.0,0.0,174.25586,87.19922,1068.0,0.0,0.0,154.85913,88.51221,778.0,0.0,0.0,117.61914,155.71167,976.0,0.0,0.0,farm
6,127.947315,41.38572170318809,123.469848,35.424765824933765,11881,0,0,0,0,9,7,5494,6387,-893,893,170.5586,79.5083,1497.0,0.0,0.0,125.063965,123.38208,1280.0,0.0,0.0,79.258545,96.73169,79.258545,96.73169,154.55566,161.22412,154.55566,161.22412,1137.0,997.0,1137.0,997.0,0.0,0.0,0.0,0.0,0.0,0.0,0.0,0.0,165.33911,85.6145,583.0,0.0,0.0,79.23828,164.05249,1664.0,0.0,0.0,127.53052,126.18359,1555.0,0.0,0.0,169.95825,90.10913,1324.0,0.0,0.0,181.1731,87.85425,823.0,0.0,0.0,84.62109,162.21436,1021.0,0.0,0.0,farm
7,124.77312,34.03564369896718,122.11875,29.007577148167247,12868,0,0,0,0,10,10,5962,6906,-944,944,169.14575,82.45386,1618.0,0.0,0.0,123.2207,126.006836,1433.0,0.0,0.0,79.21753,109.82373,79.21753,109.82373,147.66748,146.96411,147.66748,146.96411,1339.0,900.0,1339.0,900.0,0.0,0.0,0.0,0.0,0.0,0.0,0.0,0.0,139.15625,105.601074,672.0,0.0,0.0,78.15015,153.71997,1756.0,0.0,0.0,126.2041,127.94409,1670.0,0.0,0.0,169.1726,88.15967,1522.0,0.0,0.0,156.7649,87.75952,862.0,0.0,0.0,96.87549,154.91089,1096.0,0.0,0.0,farm
8,121.66557659999998,40.29366159621447,123.18830640000002,24.836763018348083,13967,0,0,0,0,10,7,6401,7566,-1165,1165,174.12524,85.45581,1745.0,0.0,0.0,120.42212,123.021484,1617.0,0.0,0.0,67.860596,84.15527,67.860596,84.15527,140.46973,148.59448,140.46973,148.59448,1427.0,895.0,1427.0,895.0,0.0,0.0,0.0,0.0,0.0,0.0,0.0,0.0,152.3689,99.34302,717.0,0.0,0.0,62.41455,144.62305,1967.0,0.0,0.0,124.17505,125.69458,1755.0,0.0,0.0,175.05835,88.80591,1734.0,0.0,0.0,137.12012,121.6228,953.0,0.0,0.0,118.95557,154.2522,1157.0,0.0,0.0,gang
9,124.917626,41.58343905253528,129.71066960000002,40.23118081248442,15134,0,0,0,0,10,5,6857,8277,-1420,1420,170.09766,81.22656,1954.0,0.0,0.0,117.1687,119.3042,1742.0,0.0,0.0,72.69873,85.28418,72.69873,85.28418,163.56104,163.61475,163.56104,163.61475,1509.0,890.0,1509.0,890.0,0.0,0.0,0.0,0.0,0.0,0.0,0.0,0.0,176.67993,77.80664,762.0,0.0,0.0,87.40112,178.02173,2092.0,0.0,0.0,122.82007,122.523926,2020.0,0.0,0.0,168.9226,89.42822,1983.0,0.0,0.0,163.64062,117.49365,994.0,0.0,0.0,84.46265,184.12598,1188.0,0.0,0.0,farm
10,117.590406,39.55532487844762,137.658544,40.862544350070685,16085,0,0,0,0,12,6,7513,8572,-1059,1059,168.7107,78.10742,2115.0,0.0,0.0,122.77881,120.28198,1943.0,0.0,0.0,82.62305,86.06494,82.62305,86.06494,165.84985,166.0105,165.84985,166.0105,1713.0,935.0,1713.0,935.0,0.0,0.0,0.0,0.0,0.0,0.0,0.0,0.0,74.50464,185.35645,807.0,0.0,0.0,87.75903,176.18994,2087.0,0.0,0.0,121.82666,126.67407,2188.0,0.0,0.0,174.43237,86.36792,2105.0,0.0,0.0,167.24829,96.73706,1039.0,0.0,0.0,89.95557,175.01025,1153.0,0.0,0.0,farm
11,123.3909179,26.603960653261133,133.606519,25.73897844308917,17060,0,0,0,0,15,9,7980,9080,-1100,1100,169.50488,93.89087,2266.0,0.0,0.0,114.86719,133.79858,2072.0,0.0,0.0,93.01343,97.41968,93.01343,97.41968,165.90576,159.54346,165.90576,159.54346,1810.0,980.0,1810.0,980.0,0.0,0.0,0.0,0.0,0.0,0.0,0.0,0.0,107.957275,150.01904,852.0,0.0,0.0,114.88037,157.7273,2118.0,0.0,0.0,124.56494,123.916504,2483.0,0.0,0.0,170.16235,96.742676,2154.0,0.0,0.0,126.25464,115.33252,1084.0,0.0,0.0,115.284424,139.18848,1241.0,0.0,0.0,gang
12,124.1838386,37.4126294384361,136.309595,32.25596933988473,18504,0,0,0,0,18,8,8740,9764,-1024,1024,186.86914,88.82617,2488.0,0.0,0.0,120.89917,123.30957,2320.0,0.0,0.0,81.99219,97.14551,81.99219,97.14551,169.79053,170.75415,169.79053,170.75415,2048.0,1012.0,2048.0,1012.0,0.0,0.0,0.0,0.0,0.0,0.0,0.0,0.0,98.364746,146.5249,872.0,0.0,0.0,83.24609,172.89087,2254.0,0.0,0.0,131.68799,129.17993,2528.0,0.0,0.0,178.56665,100.37427,2439.0,0.0,0.0,149.99341,100.84131,1129.0,0.0,0.0,113.07349,160.60425,1414.0,0.0,0.0,farm
13,124.0969485,39.51241596361016,151.5297615,42.77461631444896,20022,1,1,0,0,18,7,9456,10566,-1110,1110,161.63379,82.869385,2567.0,0.0,0.0,97.2605,185.30591,2403.0,0.0,0.0,91.62695,98.21045,91.62695,98.21045,186.41675,188.35156,186.41675,188.35156,2564.0,1001.0,2564.0,1001.0,1.0,0.0,1.0,0.0,0.0,0.0,0.0,0.0,97.58423,183.7356,921.0,0.0,0.0,87.32007,172.82178,2261.0,0.0,1.0,143.11865,116.55322,2937.0,0.0,0.0,177.05322,98.77539,2720.0,0.0,0.0,189.49683,114.6062,1074.0,0.0,0.0,97.664795,185.86182,1574.0,0.0,0.0,gang
14,125.780614,40.25331531181671,129.8763921,41.834551830467326,22375,2,2,0,1,18,6,11094,11281,-187,187,157.80688,68.21094,2816.0,0.0,0.0,118.76929,121.900635,2858.0,1.0,0.0,77.73584,71.69116,77.73584,71.69116,165.91528,169.21094,165.91528,169.21094,2928.0,1355.0,2928.0,1355.0,1.0,0.0,1.0,0.0,0.0,0.0,0.0,0.0,65.75098,135.45972,1137.0,0.0,0.0,127.37451,187.45996,2402.0,0.0,1.0,156.57373,122.84741,3231.0,0.0,0.0,165.25024,84.89917,2915.0,0.0,0.0,154.5249,79.735596,1153.0,0.0,0.0,162.32861,163.12427,1580.0,0.0,1.0,push
15,144.967675,28.29418470529678,109.3108407,34.123459881953664,24106,3,3,0,1,20,9,12061,12045,16,16,174.09448,83.634766,2940.0,1.0,0.0,127.35913,123.95386,3220.0,1.0,0.0,82.32861,164.70312,82.32861,164.70312,165.65503,73.779785,165.65503,73.779785,3232.0,1476.0,3232.0,1476.0,1.0,0.0,1.0,0.0,0.0,0.0,0.0,0.0,163.26611,76.14673,1193.0,0.0,0.0,134.46436,154.48853,2518.0,0.0,1.0,136.15063,122.29956,3499.0,0.0,0.0,174.80103,93.96582,3159.0,0.0,0.0,158.84912,72.80664,1244.0,0.0,1.0,133.66016,126.377686,1625.0,0.0,1.0,gang
16,148.88669439999998,27.5198497366394,127.2529546,28.4072722070463,25857,3,3,0,1,22,9,12830,13027,-197,197,168.77075,101.47339,3151.0,1.0,0.0,148.48413,116.77075,3494.0,1.0,0.0,98.201904,165.45654,98.201904,165.45654,177.31616,96.90845,177.31616,96.90845,3476.0,1521.0,3476.0,1521.0,1.0,0.0,1.0,0.0,0.0,0.0,0.0,0.0,171.82764,97.70044,1188.0,0.0,0.0,117.41626,162.2356,2797.0,0.0,1.0,129.86719,149.10522,3496.0,0.0,0.0,176.91846,106.781006,3545.0,0.0,0.0,176.12036,128.95215,1341.0,0.0,1.0,135.80371,135.28638,1848.0,0.0,1.0,def
17,144.531079,22.114264867932068,122.23689,25.341203655224344,27265,4,4,0,1,24,10,13800,13465,335,335,160.25977,84.82764,3609.0,2.0,0.0,154.26904,122.69629,3565.0,1.0,0.0,114.56177,146.22217,114.56177,146.22217,133.44092,112.33154,133.44092,112.33154,3610.0,1692.0,3610.0,1692.0,1.0,0.0,1.0,0.0,0.0,0.0,0.0,0.0,146.73071,105.36987,1324.0,0.0,0.0,118.30591,175.93115,2964.0,0.0,1.0,125.61865,142.63208,3566.0,0.0,0.0,173.92578,105.69507,3501.0,0.0,1.0,176.26758,107.75415,1456.0,0.0,1.0,129.14941,131.69019,1978.0,0.0,1.0,gang
18,128.6457995,25.25809676465289,128.3059326,15.193484190721762,29123,4,4,0,1,26,10,14836,14287,549,549,177.83496,101.71533,3890.0,2.0,0.0,121.23926,129.51953,3807.0,1.0,0.0,116.22632,115.08984,116.22632,115.08984,125.593506,127.73169,125.593506,127.73169,3824.0,1873.0,3824.0,1873.0,1.0,0.0,1.0,0.0,0.0,0.0,0.0,0.0,121.056885,117.15845,1442.0,0.0,0.0,80.07837,162.93628,3233.0,0.0,1.0,136.63647,125.78906,3866.0,0.0,0.0,133.70654,132.94922,3591.0,0.0,1.0,147.33813,128.20972,1501.0,0.0,1.0,137.25122,131.45654,2096.0,0.0,1.0,team_fight
19,123.3284425,30.112565789778344,128.589601,31.86670634719049,30718,4,4,0,1,27,8,15380,15338,42,42,164.25,71.654785,4168.0,2.0,0.0,106.34448,134.36597,3950.0,1.0,0.0,81.85181,114.10083,81.85181,114.10083,151.13892,132.95068,151.13892,132.95068,4007.0,1918.0,4007.0,1918.0,1.0,0.0,1.0,0.0,0.0,0.0,0.0,0.0,126.363525,100.29297,1337.0,0.0,0.0,85.62842,183.79419,3436.0,0.0,1.0,139.65283,116.099365,4074.0,0.0,0.0,127.50171,139.0857,3787.0,0.0,1.0,174.12866,103.53516,1847.0,0.0,1.0,113.46216,152.97827,2194.0,0.0,1.0,farm
20,129.5059565,25.54281430811653,138.07053100000002,34.663981996627584,32134,4,4,0,1,29,9,15961,16173,-212,212,170.84229,80.85327,4376.0,2.0,0.0,115.737305,118.32446,4153.0,1.0,0.0,96.6582,109.44531,96.6582,109.44531,178.302,174.21313,178.302,174.21313,4137.0,1913.0,4137.0,1913.0,1.0,0.0,1.0,0.0,0.0,0.0,0.0,0.0,104.26758,163.39038,1382.0,0.0,0.0,123.89966,162.28735,3537.0,0.0,1.0,158.35742,124.37109,4378.0,0.0,0.0,126.04614,126.01807,4043.0,0.0,1.0,160.79834,91.85889,2001.0,0.0,1.0,129.00732,161.08667,2214.0,0.0,1.0,gang
21,138.017799,22.0590689202516,143.933741,37.87736585187589,35029,6,6,0,1,29,8,17209,17820,-611,611,164.02222,71.30713,4780.0,2.0,0.0,104.95679,134.2732,4633.0,1.0,0.0,106.41919,147.34839,106.41919,147.34839,138.58081,177.31421,138.58081,177.31421,4547.0,1872.0,4547.0,1872.0,1.0,0.0,1.0,0.0,0.0,1.0,0.0,1.0,131.40967,165.5039,1377.0,0.0,1.0,145.04712,181.65234,3806.0,0.0,1.0,175.31982,88.24048,4707.0,0.0,0.0,132.19922,141.80518,4490.0,1.0,1.0,137.9375,167.71997,2189.0,0.0,1.0,135.51807,172.94019,2628.0,1.0,1.0,team_fight
22,130.0668956,29.209040076874263,121.2437012,37.61385388421077,36906,6,6,0,1,30,6,18116,18790,-674,674,157.49512,65.25708,5257.0,2.0,0.0,141.42847,95.781006,4780.0,1.0,0.0,115.26636,75.173096,115.26636,75.173096,126.23877,79.13257,126.23877,79.13257,4688.0,1897.0,4688.0,1897.0,1.0,0.0,1.0,0.0,0.0,1.0,0.0,1.0,113.81079,118.65723,1494.0,0.0,1.0,121.94336,184.64575,4002.0,0.0,1.0,150.98291,120.319336,5028.0,0.0,0.0,120.90869,120.81177,4777.0,1.0,1.0,122.11597,124.55029,2231.0,0.0,1.0,181.54419,177.04321,2752.0,1.0,1.0,def
23,127.3034431,33.26121825679772,136.67793,27.087709458678443,39616,6,6,0,1,31,7,19583,20033,-450,450,176.04834,98.83081,5685.0,2.0,0.0,121.83008,99.58789,5074.0,1.0,0.0,84.91797,110.75244,84.91797,110.75244,162.85474,135.57397,162.85474,135.57397,4885.0,2137.0,4885.0,2137.0,1.0,0.0,1.0,0.0,0.0,1.0,0.0,1.0,117.29419,120.1709,1802.0,0.0,1.0,92.411865,186.68506,4520.0,0.0,1.0,121.607666,137.99512,5230.0,0.0,0.0,116.06836,136.79053,5024.0,1.0,1.0,143.67822,154.69775,2176.0,0.0,1.0,188.4253,133.59253,3083.0,1.0,1.0,farm
24,134.5871099,31.95646006621722,137.60319959999998,29.83327487764585,41729,6,6,0,1,32,7,20534,21195,-661,661,177.41675,89.55005,5944.0,2.0,0.0,142.99658,109.215576,5326.0,1.0,0.0,81.226074,117.755615,81.226074,117.755615,165.29297,118.90674,165.29297,118.90674,5112.0,2174.0,5112.0,2174.0,1.0,0.0,1.0,0.0,0.0,1.0,0.0,1.0,132.00586,115.33765,1978.0,0.0,1.0,107.27637,168.01367,4935.0,0.0,1.0,159.86792,125.46631,5451.0,0.0,0.0,132.22974,145.14429,5302.0,1.0,1.0,112.74902,162.04395,2282.0,0.0,1.0,182.34717,177.06079,3225.0,1.0,1.0,farm
25,149.119873,32.66752723861522,122.4396234,37.3294031505268,43738,6,6,0,1,33,7,21632,22106,-474,474,169.82202,96.6062,6412.0,2.0,0.0,163.03516,94.4375,5452.0,1.0,0.0,74.61743,160.75342,74.61743,160.75342,174.48926,94.510254,174.48926,94.510254,5362.0,2336.0,5362.0,2336.0,1.0,0.0,1.0,0.0,0.0,1.0,0.0,1.0,160.16748,108.28223,2070.0,0.0,1.0,121.81592,183.82153,5169.0,0.0,1.0,146.62451,130.84717,5594.0,0.0,0.0,132.41455,141.41235,5511.0,1.0,1.0,173.4209,66.87158,2302.0,0.0,1.0,188.52734,133.11816,3530.0,1.0,1.0,farm
26,171.31396360000002,32.950165776390605,105.2788331,23.65410711301228,45537,7,7,0,1,34,9,22439,23098,-659,659,189.77197,95.69409,6715.0,3.0,0.0,161.11548,96.29297,5519.0,1.0,0.0,185.94897,176.2251,185.94897,176.2251,90.10254,88.678955,90.10254,88.678955,5722.0,2466.0,5722.0,2466.0,1.0,0.0,1.0,0.0,0.0,1.0,0.0,1.0,193.5083,98.24487,2017.0,0.0,1.0,81.388916,169.24829,5592.0,0.0,1.0,177.22363,107.18262,5732.0,0.0,0.0,176.46655,99.86914,5643.0,1.0,1.0,181.78906,94.30469,2228.0,0.0,2.0,189.70166,113.170166,3903.0,1.0,1.0,team_fight
27,184.813965,8.987574612397133,113.4064705,15.502702375338815,47580,8,8,0,1,36,10,23093,24487,-1394,1394,168.8103,96.83496,7241.0,3.0,0.0,173.36743,93.928955,5567.0,1.0,0.0,193.92554,181.2378,193.92554,181.2378,107.78418,135.54053,107.78418,135.54053,5706.0,2514.0,5706.0,2514.0,1.0,0.0,1.0,0.0,1.0,1.0,1.0,1.0,188.25049,96.75049,2065.0,0.0,1.0,194.63135,110.06592,6328.0,1.0,1.0,180.45874,131.09692,5939.0,0.0,0.0,191.8352,113.84302,5889.0,1.0,1.0,182.83081,132.95972,2264.0,0.0,2.0,192.79199,115.26001,4067.0,1.0,1.0,team_fight
28,136.75007399999998,42.875376562721335,110.6540045,32.89634937277391,50010,9,9,0,1,37,8,23934,26076,-2142,2142,157.45459,64.043945,7599.0,3.0,0.0,93.862305,130.05493,5831.0,1.0,0.0,193.92554,75.16992,193.92554,75.16992,107.78418,91.24536,107.78418,91.24536,5793.0,2599.0,5793.0,2599.0,1.0,0.0,1.0,0.0,1.0,2.0,1.0,2.0,77.112305,159.0503,2112.0,0.0,1.0,122.16675,164.66309,6647.0,1.0,1.0,136.01855,122.18701,6451.0,1.0,0.0,172.9043,84.79346,6285.0,1.0,1.0,170.07886,91.09497,2391.0,0.0,2.0,168.80762,91.6228,4302.0,1.0,1.0,farm
29,140.0494871,33.65316959300865,118.0085685,46.109882845039365,52351,9,9,0,2,37,7,25353,26998,-1645,1645,123.853516,65.39282,7909.0,3.0,0.0,97.59302,175.2522,6353.0,1.0,0.0,124.53027,105.880615,124.53027,105.880615,126.87964,134.51416,126.87964,134.51416,6163.0,2647.0,6163.0,2647.0,1.0,0.0,1.0,0.0,1.0,2.0,1.0,2.0,108.52319,160.81372,2281.0,0.0,1.0,132.07886,191.71484,6761.0,1.0,1.0,173.29907,88.82837,6688.0,1.0,0.0,167.93945,81.730225,6580.0,1.0,1.0,180.19556,80.72485,2529.0,0.0,2.0,186.60132,74.23486,4440.0,1.0,1.0,push
30,147.760303,21.762852088264765,131.1600824,37.44053773883893,56921,9,9,0,3,39,8,26787,30134,-3347,3347,135.57568,121.247314,8328.0,3.0,0.0,139.43555,146.67358,6682.0,1.0,0.0,134.6438,138.37866,134.6438,138.37866,138.08325,126.7417,138.08325,126.7417,6484.0,2867.0,6484.0,2867.0,1.0,0.0,1.0,0.0,1.0,2.0,1.0,2.0,136.1814,140.73169,2426.0,0.0,1.0,119.92407,182.13013,7359.0,1.0,1.0,165.89673,66.80322,6910.0,1.0,0.0,141.27441,134.48267,7157.0,1.0,1.0,183.64673,75.68945,2651.0,0.0,2.0,182.646,179.01782,6057.0,1.0,1.0,def
31,129.2506095,29.50000268641084,151.965945,13.999846458142356,58707,10,10,0,3,41,10,28394,30313,-1919,1919,98.57373,131.98828,8752.0,3.0,0.0,130.30127,155.6814,7236.0,2.0,0.0,124.875,122.64404,124.875,122.64404,147.44312,146.40894,147.44312,146.40894,6700.0,3036.0,6700.0,3036.0,1.0,0.0,1.0,0.0,1.0,2.0,1.0,2.0,131.7771,144.61426,2670.0,0.0,1.0,136.07397,162.1753,7364.0,1.0,1.0,150.84424,145.95557,7038.0,1.0,0.0,142.80981,139.09717,7109.0,1.0,2.0,72.001465,168.54492,2698.0,0.0,2.0,182.60547,177.75049,6104.0,1.0,1.0,team_fight
32,128.1041249,29.917665452332784,165.557618,12.50248833210396,60808,11,11,0,3,43,10,30037,30771,-734,734,90.74536,163.06226,9237.0,3.0,0.0,133.8501,155.04004,7553.0,2.0,0.0,123.29443,130.281,123.29443,130.281,161.40991,154.87695,161.40991,154.87695,6984.0,3229.0,6984.0,3229.0,1.0,0.0,1.0,0.0,1.0,2.0,1.0,2.0,128.29688,153.44556,3034.0,1.0,1.0,101.562744,187.6875,7557.0,1.0,1.0,139.77295,157.34302,7191.0,1.0,1.0,161.00195,161.89185,7002.0,1.0,2.0,88.433105,180.70361,2746.0,0.0,2.0,183.80273,180.11548,6275.0,1.0,1.0,gang
33,125.5236079,6.652680748678328,180.10368599999998,8.619166395283367,63643,12,12,0,3,43,10,30643,33000,-2357,2357,115.244385,177.80176,9522.0,3.0,1.0,129.30493,181.28906,7600.0,2.0,0.0,124.79419,124.31152,124.79419,124.31152,186.27954,185.75195,186.27954,185.75195,7164.0,3276.0,7164.0,3276.0,1.0,0.0,1.0,0.0,1.0,2.0,1.0,2.0,131.11792,184.86499,3081.0,1.0,1.0,121.08569,185.38745,8336.0,2.0,1.0,139.77295,157.34302,7238.0,1.0,1.0,124.47705,184.45093,7549.0,1.0,2.0,121.201904,178.04199,2977.0,0.0,2.0,123.92554,179.82617,6900.0,1.0,1.0,team_fight
34,129.740381,22.291016141933945,134.557958,34.86647388993132,65859,14,14,0,3,45,10,31616,34243,-2627,2627,115.244385,177.80176,9569.0,3.0,1.0,166.86768,95.72803,8265.0,3.0,0.0,113.30298,124.31152,113.30298,124.31152,118.13989,185.75195,118.13989,185.75195,7345.0,3375.0,7345.0,3375.0,1.0,0.0,1.0,0.0,1.0,3.0,1.0,3.0,107.57129,108.7041,3062.0,1.0,1.0,118.823,118.82153,8958.0,3.0,1.0,131.3396,145.89868,7410.0,1.0,1.0,121.717285,119.21875,7747.0,1.0,2.0,173.15039,96.69385,3197.0,0.0,2.0,125.07568,178.82104,6931.0,1.0,2.0,gang
35,128.866675,25.182964243927284,122.3226805,29.25455557280576,68535,15,15,0,4,47,9,32201,36334,-4133,4133,91.216064,137.5857,9885.0,3.0,1.0,162.57617,64.67334,8673.0,3.0,0.0,113.30298,106.3833,113.30298,106.3833,118.13989,115.0708,118.13989,115.0708,7110.0,3423.0,7110.0,3423.0,1.0,0.0,1.0,0.0,2.0,3.0,2.0,3.0,121.30469,91.751465,3110.0,1.0,1.0,150.72852,122.91089,9657.0,3.0,1.0,115.218506,151.13452,7624.0,1.0,1.0,132.54126,127.14868,8559.0,2.0,2.0,169.62817,124.71997,3425.0,0.0,2.0,125.76709,170.09155,7069.0,1.0,2.0,push
36,137.001735,33.37844327399069,126.259034,34.21987555602322,71361,15,15,0,4,50,7,33519,37842,-4323,4323,90.69385,165.43579,10368.0,3.0,1.0,135.09058,87.31543,8987.0,3.0,0.0,111.715576,103.961914,111.715576,103.961914,111.20752,114.81152,111.20752,114.81152,7221.0,3735.0,7221.0,3735.0,1.0,0.0,1.0,0.0,2.0,3.0,2.0,3.0,169.44922,75.20337,3208.0,1.0,1.0,180.1355,108.8938,10132.0,3.0,1.0,117.40552,162.85645,8030.0,1.0,1.0,120.69751,129.81104,8829.0,2.0,2.0,157.2168,127.23511,3594.0,0.0,2.0,183.65088,179.82031,7257.0,1.0,2.0,farm
37,152.99497100000002,29.753565885376737,105.5377681,29.83659422522556,73325,15,15,0,4,50,8,34523,38802,-4279,4279,82.70801,154.51465,10726.0,3.0,1.0,166.79346,90.301025,9151.0,3.0,0.0,157.62744,165.91138,157.62744,165.91138,89.93042,87.57349,89.93042,87.57349,7533.0,3782.0,7533.0,3782.0,1.0,0.0,1.0,0.0,2.0,3.0,2.0,3.0,165.56958,87.94116,3331.0,1.0,1.0,165.65015,89.40625,10331.0,3.0,1.0,173.82324,103.27319,8590.0,1.0,1.0,171.02612,99.39282,8914.0,2.0,2.0,165.4707,85.770996,3641.0,0.0,2.0,115.36963,167.27368,7326.0,1.0,2.0,team_fight
38,140.29375,24.36651412254896,111.055713,33.35862371639955,77319,19,19,0,4,50,8,34809,42510,-7701,7701,94.43408,157.92114,11263.0,3.0,1.0,167.73657,87.53003,8970.0,3.0,1.0,165.55786,162.32495,165.55786,162.32495,84.2312,85.6897,84.2312,85.6897,7393.0,3830.0,7393.0,3830.0,1.0,0.0,1.0,0.0,3.0,4.0,3.0,4.0,165.56958,87.94116,3353.0,1.0,2.0,124.85669,134.52539,11182.0,3.0,1.0,129.92798,91.92944,9548.0,2.0,1.0,138.87134,103.81543,9747.0,4.0,2.0,129.51685,100.44678,4136.0,1.0,2.0,124.1416,176.52686,7897.0,1.0,2.0,farm
39,122.5960453,17.788731850023098,95.3845219,7.40852091702579,79243,21,21,0,4,51,10,35782,43461,-7679,7679,124.471924,95.73706,11777.0,4.0,1.0,74.09375,77.80469,9017.0,3.0,1.0,124.56592,130.28052,124.56592,130.28052,93.305664,94.583984,93.305664,94.583984,7360.0,4019.0,7360.0,4019.0,1.0,0.0,1.0,0.0,3.0,5.0,3.0,5.0,122.892334,94.80469,3609.0,1.0,2.0,125.776855,96.56421,11248.0,3.0,1.0,130.81787,95.8999,9796.0,3.0,2.0,124.47339,98.533936,10012.0,4.0,2.0,128.21045,98.698975,4133.0,1.0,2.0,140.37744,107.91211,8272.0,1.0,2.0,team_fight
40,118.1032476,14.973380965983296,99.6647206,6.631657983551341,82906,25,25,0,4,51,10,35564,47342,-11778,11778,123.89624,95.35205,11531.0,4.0,2.0,112.538086,95.80908,8953.0,3.0,2.0,124.26929,79.19507,124.26929,79.19507,93.538086,104.36621,93.538086,104.36621,7408.0,4067.0,7408.0,4067.0,1.0,0.0,1.0,0.0,4.0,5.0,4.0,5.0,121.02759,89.61743,3605.0,1.0,3.0,124.54663,100.842285,13333.0,7.0,1.0,130.81787,95.8999,9961.0,3.0,2.0,114.13379,110.589355,10570.0,4.0,2.0,119.37793,106.53418,4622.0,1.0,2.0,131.22998,104.09863,8856.0,1.0,2.0,team_fight
41,118.1163321,33.200663720529434,109.9504384,14.74402445703867,84692,25,25,1,4,52,10,35836,48856,-13020,13020,76.38135,84.19043,11578.0,4.0,2.0,112.538086,95.80908,9000.0,3.0,2.0,69.83911,84.48755,69.83911,84.48755,119.16089,137.0061,119.16089,137.0061,7455.0,4114.0,7455.0,4114.0,1.0,0.0,1.0,0.0,4.0,5.0,4.0,5.0,101.693115,111.84326,3689.0,1.0,3.0,149.45654,105.85571,13805.0,7.0,1.0,148.76587,110.281494,10143.0,3.0,2.0,135.65942,101.55322,10984.0,4.0,2.0,152.09863,123.55249,4886.0,1.0,2.0,150.24365,110.25171,9038.0,1.0,2.0,Roshan
42,111.6688966,28.94477744937094,124.3518309,42.02874147697326,87739,25,25,1,5,53,9,36814,50925,-14111,14111,80.2876,158.70654,12017.0,4.0,2.0,97.8125,76.963135,9047.0,3.0,2.0,89.342285,91.184326,89.342285,91.184326,159.22485,77.19141,159.22485,77.19141,7523.0,4222.0,7523.0,4222.0,1.0,0.0,1.0,0.0,4.0,5.0,4.0,5.0,106.96753,121.30664,4005.0,1.0,3.0,114.5022,89.07373,14490.0,7.0,1.0,125.917725,128.18774,10754.0,3.0,2.0,114.58179,78.180664,11453.0,4.0,2.0,112.29028,174.56812,4963.0,1.0,2.0,183.80273,180.11548,9265.0,1.0,2.0,push
43,96.028833,13.228079434806691,103.7772454,36.82686565991581,90835,28,28,1,5,54,10,38031,52804,-14773,14773,78.579346,156.78687,12675.0,5.0,3.0,104.101074,82.13916,9232.0,3.0,2.0,83.02368,95.55591,83.02368,95.55591,155.60742,79.45068,155.60742,79.45068,7764.0,4270.0,7764.0,4270.0,1.0,0.0,1.0,0.0,5.0,5.0,5.0,5.0,98.94653,77.638916,4090.0,1.0,3.0,104.9209,80.083984,15318.0,9.0,1.0,108.56006,79.9668,11101.0,3.0,2.0,103.12427,86.694824,11539.0,4.0,2.0,72.97583,158.6831,5096.0,1.0,3.0,110.50073,80.7207,9750.0,1.0,2.0,gang
44,91.657421,10.484407001666565,95.9119624,32.64288760800427,93404,30,30,1,6,54,8,38065,55339,-17274,17274,78.579346,156.78687,12722.0,5.0,3.0,103.44531,82.284424,9142.0,3.0,3.0,84.04785,88.538086,84.04785,88.538086,83.4021,78.33569,83.4021,78.33569,7811.0,4317.0,7811.0,4317.0,1.0,0.0,1.0,0.0,5.0,5.0,5.0,5.0,91.40625,78.36084,4073.0,1.0,4.0,96.406494,79.392334,16282.0,10.0,1.0,97.666504,82.819336,11499.0,3.0,2.0,101.92529,78.17456,12033.0,5.0,2.0,72.97583,158.6831,5268.0,1.0,3.0,101.58325,80.88037,10257.0,1.0,2.0,push
45,104.9532462,24.273646517134463,112.5092526,20.976337751789465,96982,31,31,1,7,54,10,38614,58368,-19754,19754,101.00757,82.89258,13094.0,5.0,3.0,86.81494,131.48828,9189.0,3.0,3.0,94.96875,92.090576,94.96875,92.090576,94.3457,80.315186,94.3457,80.315186,7946.0,4331.0,7946.0,4331.0,1.0,0.0,1.0,0.0,5.0,6.0,5.0,6.0,77.15039,107.09302,4054.0,1.0,4.0,94.34839,124.5957,17169.0,11.0,1.0,113.177246,135.50854,12094.0,3.0,2.0,101.63867,113.08545,12616.0,5.0,2.0,126.09155,137.34058,5670.0,1.0,3.0,162.24438,118.42749,10819.0,1.0,2.0,push
46,105.1192875,32.05630986595538,109.765625,31.73428188560705,100024,31,31,1,8,57,9,39504,60520,-21016,21016,125.11157,67.004395,13539.0,5.0,3.0,82.627686,101.009766,9525.0,3.0,3.0,99.54346,63.721924,99.54346,63.721924,84.02173,141.23022,84.02173,141.23022,8021.0,4379.0,8021.0,4379.0,1.0,0.0,1.0,0.0,5.0,6.0,5.0,6.0,101.57666,81.486084,4040.0,1.0,4.0,87.02588,115.77759,17695.0,11.0,1.0,107.96118,106.75928,12342.0,3.0,2.0,91.3916,114.85449,13034.0,5.0,2.0,109.373535,107.698975,5758.0,1.0,3.0,182.85938,177.81372,11691.0,1.0,2.0,farm
47,93.9528808,15.848723079808408,101.9661616,14.616042411577274,102361,33,33,1,8,59,10,40061,62300,-22239,22239,88.37891,87.46631,13902.0,5.0,3.0,67.91992,105.70093,9741.0,3.0,3.0,113.71094,85.45801,113.71094,85.45801,85.91455,93.33984,85.91455,93.33984,7868.0,4426.0,7868.0,4426.0,1.0,0.0,1.0,0.0,6.0,6.0,6.0,6.0,113.73193,84.91821,4124.0,1.0,5.0,80.01367,118.58594,17935.0,11.0,1.0,115.083984,127.2561,13325.0,5.0,2.0,92.35571,97.903076,13324.0,5.0,2.0,96.024414,105.03223,5978.0,1.0,3.0,86.85132,113.54443,11738.0,1.0,2.0,gang
48,98.0874029,29.844671007074083,103.1086669,26.208819143085943,105512,33,33,1,10,59,9,40955,64557,-23602,23602,82.19141,92.86279,14102.0,5.0,3.0,81.35254,96.846924,10190.0,3.0,3.0,87.18799,80.82446,87.18799,80.82446,88.08618,95.71387,88.08618,95.71387,7946.0,4507.0,7946.0,4507.0,1.0,0.0,1.0,0.0,6.0,6.0,6.0,6.0,89.487305,88.237305,4210.0,1.0,5.0,92.32886,94.4375,18619.0,11.0,1.0,93.39551,98.91553,13608.0,5.0,2.0,91.26074,100.126465,13896.0,5.0,2.0,101.829834,99.137695,6417.0,1.0,3.0,181.01538,176.72241,12017.0,1.0,2.0,push
49,91.2330317,33.0246604476028,102.3714851,28.23920941291972,108221,34,34,1,10,60,9,41086,67135,-26049,26049,82.822754,93.21265,14558.0,5.0,3.0,72.855225,92.7561,10237.0,3.0,3.0,85.11157,75.65625,85.11157,75.65625,94.413086,75.65625,94.413086,75.65625,7993.0,4004.0,7993.0,4004.0,1.0,0.0,1.0,0.0,6.0,7.0,6.0,7.0,78.14136,90.91016,4294.0,1.0,5.0,80.423584,100.02173,19243.0,12.0,1.0,90.34741,96.8728,14294.0,5.0,2.0,75.153564,99.97095,14282.0,5.0,2.0,88.01587,99.785645,6950.0,1.0,3.0,183.80273,180.11548,12366.0,1.0,2.0,team_fight
50,100.292359,5.62536083962264,93.1262706,5.098639075455251,111110,40,40,1,10,61,10,40945,70165,-29220,29220,95.61865,96.91724,14331.0,5.0,4.0,107.84839,93.84717,10695.0,3.0,3.0,94.22095,101.71973,94.22095,101.71973,100.21216,96.64868,100.21216,96.64868,7403.0,4137.0,7403.0,4137.0,2.0,0.0,2.0,0.0,8.0,8.0,8.0,8.0,93.61206,91.52612,4379.0,1.0,6.0,100.707275,83.29932,20567.0,15.0,1.0,104.99463,91.648926,15183.0,7.0,2.0,97.03418,89.51514,15224.0,5.0,2.0,97.762695,98.35889,6484.0,1.0,4.0,109.40503,89.28906,12707.0,1.0,2.0,team_fight
51,101.459839,6.433159640053242,94.6738045,4.58791729934539,111190,40,40,1,10,61,10,40985,70205,-29220,29220,95.61865,96.91724,14338.0,5.0,4.0,104.7832,98.25928,10702.0,3.0,3.0,94.22095,101.71973,94.22095,101.71973,100.21216,96.64868,100.21216,96.64868,7410.0,4144.0,7410.0,4144.0,2.0,0.0,2.0,0.0,8.0,8.0,8.0,8.0,93.61206,91.52612,4391.0,1.0,6.0,105.26172,90.333496,20574.0,15.0,1.0,107.1189,92.392334,15190.0,7.0,2.0,95.75195,85.3938,15236.0,5.0,2.0,103.68262,98.085205,6491.0,1.0,4.0,112.82861,96.96973,12714.0,1.0,2.0,team_fight
