bin,avg_x,std_x,avg_y,std_y,sum_networth,sum_kills,sum_deaths,n_roshans,n_pushes,n_wards,hero_density,sum_networth_radiant,sum_networth_dire,net_worth_diff,abs_net_worth_diff,core_r_x,core_r_y,core_r_networth,core_r_kills,core_r_deaths,mid_r_x,mid_r_y,mid_r_networth,mid_r_kills,mid_r_deaths,hard_r_x,hard_r_y,hard_r_networth,hard_r_kills,hard_r_deaths,h_sup_r_x,h_sup_r_y,h_sup_r_networth,h_sup_r_kills,h_sup_r_deaths,sup_r_x,sup_r_y,sup_r_networth,sup_r_kills,sup_r_deaths,core_d_x,core_d_y,core_d_networth,core_d_kills,core_d_deaths,mid_d_x,mid_d_y,mid_d_networth,mid_d_kills,mid_d_deaths,hard_d_x,hard_d_y,hard_d_networth,hard_d_kills,hard_d_deaths,h_sup_d_x,h_sup_d_y,h_sup_d_networth,h_sup_d_kills,h_sup_d_deaths,sup_d_x,sup_d_y,sup_d_networth,sup_d_kills,sup_d_deaths,label
0,116.6521486,41.00814663903276,132.645898,35.74839885705558,7030,0,0,0,0,6,6,3515,3515,0,0,167.79712,83.13501,723.0,0.0,0.0,123.53198,123.71533,723.0,0.0,0.0,79.10449,156.0227,723.0,0.0,0.0,90.481445,138.81738,723.0,0.0,0.0,166.93335,89.934326,623.0,0.0,0.0,82.79663,171.34229,723.0,0.0,0.0,123.49634,125.89331,723.0,0.0,0.0,176.42432,92.611084,723.0,0.0,0.0,71.203125,183.45068,723.0,0.0,0.0,84.752686,161.53687,623.0,0.0,0.0,farm
1,132.03899,39.406227965933766,126.5142576,34.27116922308602,7688,0,0,0,0,7,8,3826,3862,-36,36,174.70068,90.0957,811.0,0.0,0.0,118.4043,121.835205,841.0,0.0,0.0,81.791016,154.43823,768.0,0.0,0.0,104.906006,162.89502,768.0,0.0,0.0,170.80884,91.82422,638.0,0.0,0.0,85.979004,171.84546,842.0,0.0,0.0,121.54541,124.485596,888.0,0.0,0.0,176.70508,93.917725,776.0,0.0,0.0,179.84473,89.52734,688.0,0.0,0.0,105.704834,164.27808,668.0,0.0,0.0,farm
2,126.0445308,43.36150773988713,126.3886955,30.88217211755788,8584,0,0,0,0,7,10,4185,4399,-214,214,174.36646,92.13794,1035.0,0.0,0.0,124.483154,124.76245,886.0,0.0,0.0,81.03784,148.00122,858.0,0.0,0.0,76.78955,156.50635,753.0,0.0,0.0,164.05615,87.26318,653.0,0.0,0.0,80.68384,165.47412,1014.0,0.0,0.0,126.33984,126.87573,1091.0,0.0,0.0,178.34375,97.873535,861.0,0.0,0.0,171.28906,100.19287,750.0,0.0,0.0,83.055664,164.79956,683.0,0.0,0.0,farm
3,131.469434,38.90801882413712,127.618358,33.71488185292028,8975,0,0,0,0,8,8,4340,4635,-295,295,176.3711,87.37109,1156.0,0.0,0.0,123.048096,118.86743,856.0,0.0,0.0,88.48682,158.9768,912.0,0.0,0.0,102.31616,162.41162,718.0,0.0,0.0,165.61035,90.71167,698.0,0.0,0.0,87.764404,170.64111,1075.0,0.0,0.0,125.17432,126.2478,1143.0,0.0,0.0,178.33032,96.49219,950.0,0.0,0.0,175.73608,99.72388,739.0,0.0,0.0,91.85669,164.73999,728.0,0.0,0.0,farm
4,126.8834226,42.1687834249936,121.2461424,31.85183500451482,10027,0,0,0,0,8,10,4832,5195,-363,363,171.92969,82.92969,1243.0,0.0,0.0,126.975586,122.14087,989.0,0.0,0.0,77.98535,150.27563,1076.0,0.0,0.0,85.473145,151.61646,811.0,0.0,0.0,165.57617,84.45947,713.0,0.0,0.0,78.366455,155.25488,1241.0,0.0,0.0,125.40991,127.78613,1314.0,0.0,0.0,173.30713,89.555664,1108.0,0.0,0.0,175.552,90.14624,789.0,0.0,0.0,88.25879,158.29639,743.0,0.0,0.0,farm
5,127.232398,43.33070369487054,122.8040296,30.2614957675768,11170,0,0,0,0,10,9,5456,5714,-258,258,180.9917,89.37695,1358.0,0.0,0.0,122.150635,120.992676,1085.0,0.0,0.0,78.83765,148.43018,1329.0,0.0,0.0,83.64404,147.59766,939.0,0.0,0.0,173.57007,87.24951,745.0,0.0,0.0,77.40869,156.13135,1414.0,0.0,0.0,122.417725,124.30957,1483.0,0.0,0.0,172.37622,94.24097,1264.0,0.0,0.0,169.37671,94.09717,766.0,0.0,0.0,91.55054,165.61426,787.0,0.0,0.0,farm
6,130.6072999,38.72015691360885,128.6802492,31.46972872521469,11863,0,0,0,0,11,9,5714,6149,-435,435,174.73169,95.89575,1487.0,0.0,0.0,116.872314,122.648926,1104.0,0.0,0.0,84.029785,149.47607,1429.0,0.0,0.0,110.71875,159.37817,984.0,0.0,0.0,162.03003,95.94141,710.0,0.0,0.0,86.65161,171.93726,1583.0,0.0,0.0,123.19556,124.59668,1559.0,0.0,0.0,176.14551,98.134766,1394.0,0.0,0.0,178.79956,99.26123,781.0,0.0,0.0,92.89819,169.53223,832.0,0.0,0.0,farm
7,134.525757,29.54407597788394,124.9172372,25.719549058801583,13027,0,0,0,0,11,9,6109,6918,-809,809,175.17847,89.791016,1600.0,0.0,0.0,123.60718,122.01294,1236.0,0.0,0.0,94.08838,165.52222,1539.0,0.0,0.0,131.31201,109.24951,979.0,0.0,0.0,146.03296,114.83179,755.0,0.0,0.0,92.20117,170.95215,1850.0,0.0,0.0,138.30542,113.783936,1694.0,0.0,0.0,179.10913,108.26587,1679.0,0.0,0.0,148.61694,117.82544,796.0,0.0,0.0,116.80591,136.9375,899.0,0.0,0.0,gang
8,133.2880615,27.499419980865664,122.302049,24.2726932119484,14612,2,2,0,0,11,9,6956,7656,-700,700,174.59058,84.78735,1786.0,0.0,0.0,120.876465,117.91333,1332.0,0.0,1.0,95.49512,158.8186,1704.0,0.0,0.0,131.3789,115.78906,1008.0,0.0,0.0,139.06421,111.69287,1126.0,1.0,0.0,91.93579,167.1958,2087.0,0.0,0.0,136.32568,117.84985,1802.0,0.0,1.0,174.87598,103.56445,1763.0,0.0,0.0,138.06494,123.31055,1005.0,1.0,0.0,130.27295,122.09863,999.0,0.0,0.0,def
9,127.761475,38.76696796086192,121.111964,17.66594254001134,15877,2,2,0,0,13,10,7592,8285,-693,693,176.61035,93.43213,1993.0,0.0,0.0,124.927,124.54492,1446.0,0.0,1.0,81.28784,129.45874,1830.0,0.0,0.0,101.40259,129.02393,1220.0,0.0,0.0,173.81323,96.61182,1103.0,1.0,0.0,86.95337,146.34546,2340.0,0.0,0.0,128.00757,128.06616,2039.0,0.0,1.0,176.1377,101.22998,1812.0,0.0,0.0,144.11133,128.5354,1050.0,1.0,0.0,84.36377,133.8711,1044.0,0.0,0.0,farm
10,119.957789,37.68269058133225,125.3896729,24.587422328262782,17204,3,3,0,0,15,9,8285,8919,-634,634,175.76392,100.40967,2311.0,0.0,0.0,117.2417,116.178955,1649.0,0.0,1.0,81.00806,151.94434,2040.0,0.0,0.0,89.698975,132.78564,1137.0,0.0,1.0,162.59033,87.041504,1148.0,1.0,0.0,80.49512,164.02197,2645.0,1.0,0.0,116.143555,122.37842,2125.0,0.0,1.0,174.21533,106.51929,1931.0,0.0,0.0,110.93921,122.0686,1095.0,1.0,0.0,91.48169,150.54834,1123.0,0.0,0.0,farm
11,120.8066406,39.43778082394668,116.5734388,25.144893880954875,18183,3,3,0,0,16,8,8566,9617,-1051,1051,182.53076,92.98657,2493.0,0.0,0.0,75.22412,81.25806,1594.0,0.0,1.0,77.506836,95.93628,2085.0,0.0,0.0,108.13599,134.92847,1182.0,0.0,1.0,137.96997,113.267334,1212.0,1.0,0.0,72.27124,165.0481,2891.0,1.0,0.0,126.87451,125.42285,2410.0,0.0,1.0,176.021,100.3064,2048.0,0.0,0.0,137.80957,119.750244,1137.0,1.0,0.0,113.72241,136.83008,1131.0,0.0,0.0,gang
12,129.56735799999998,33.14606282191054,131.4218511,19.30198499640107,19216,4,4,0,0,19,9,9407,9809,-402,402,177.55957,103.918945,2724.0,0.0,0.0,126.79614,133.22998,1739.0,0.0,1.0,75.76636,159.47241,2207.0,0.0,0.0,129.35425,128.01978,1257.0,0.0,1.0,127.02368,124.11304,1480.0,2.0,0.0,81.02417,165.12793,3011.0,1.0,0.0,129.39648,132.13647,2387.0,0.0,2.0,176.62158,106.923096,2115.0,0.0,0.0,139.30078,129.30298,1188.0,1.0,0.0,132.83057,131.97388,1108.0,0.0,0.0,team_fight
13,130.3576909,38.977550575557935,126.2713146,25.11650219268409,20383,4,4,0,0,20,9,10059,10324,-265,265,175.61426,104.56348,2923.0,0.0,0.0,119.5061,122.23071,1953.0,0.0,1.0,80.09546,160.948,2506.0,0.0,0.0,82.03516,133.3252,1302.0,0.0,1.0,162.22119,88.684326,1375.0,2.0,0.0,93.341064,170.30762,3254.0,1.0,0.0,122.49927,123.64722,2510.0,0.0,2.0,179.91187,107.37866,2305.0,0.0,0.0,170.2644,115.28906,1199.0,1.0,0.0,118.088135,136.33887,1056.0,0.0,0.0,farm
14,126.6053714,41.19062009451777,125.4155021,28.59456679595361,21514,4,4,0,0,20,9,10634,10880,-246,246,171.75977,83.25586,3091.0,0.0,0.0,120.65698,123.30957,2159.0,0.0,1.0,82.38574,145.20947,2667.0,0.0,0.0,82.69263,144.61792,1297.0,0.0,1.0,166.02466,82.850586,1420.0,2.0,0.0,84.961914,163.4497,3476.0,1.0,0.0,126.02051,127.25049,2674.0,0.0,2.0,173.83154,107.44458,2465.0,0.0,0.0,172.35205,117.224365,1194.0,1.0,0.0,85.36792,159.54248,1071.0,0.0,0.0,farm
15,124.9105707,38.870437519115455,126.497315,31.68319646410311,22580,4,4,0,0,23,8,11273,11307,-34,34,183.26416,76.85034,3295.0,0.0,0.0,116.309814,121.578125,2358.0,0.0,1.0,79.366455,160.76245,2875.0,0.0,0.0,74.260254,159.3435,1280.0,0.0,1.0,169.80566,90.38794,1465.0,2.0,0.0,92.06445,172.9419,3603.0,1.0,0.0,121.007324,126.855225,2841.0,0.0,2.0,172.33374,101.15503,2596.0,0.0,0.0,126.63501,117.88306,1189.0,1.0,0.0,114.05884,137.21558,1078.0,0.0,0.0,farm
16,117.9347166,32.17971416674541,140.0401364,31.19792050760871,24230,6,6,0,0,24,8,11912,12318,-406,406,92.40454,166.69873,3556.0,1.0,0.0,115.89502,120.53345,2365.0,0.0,2.0,95.15552,165.33887,3123.0,0.0,0.0,98.57349,173.14087,1321.0,0.0,1.0,169.48071,96.680664,1547.0,2.0,0.0,92.02124,172.19336,3648.0,1.0,0.0,122.715576,118.1687,3445.0,1.0,2.0,179.48071,101.7124,2713.0,0.0,0.0,120.65454,120.00488,1352.0,1.0,0.0,92.96582,165.92944,1160.0,0.0,1.0,gang
17,121.5405755,41.20242567259943,147.725,34.353083901700714,26080,9,9,0,0,24,7,13529,12551,978,978,89.58594,176.60742,4163.0,3.0,0.0,129.24878,127.23682,2776.0,1.0,2.0,81.2749,148.3899,3432.0,0.0,0.0,86.28711,180.19458,1566.0,0.0,1.0,169.74072,92.66821,1592.0,2.0,0.0,83.52026,174.1936,3656.0,1.0,1.0,87.265625,179.08667,3403.0,1.0,3.0,175.2312,102.70117,2924.0,0.0,0.0,133.75708,120.07031,1363.0,1.0,1.0,179.49414,176.10132,1205.0,0.0,1.0,def
18,123.98877,36.72379832269745,131.88029899999998,36.37393684436081,27096,9,9,0,0,24,7,14088,13008,1080,1080,91.5249,132.71875,4299.0,3.0,0.0,128.23535,126.45093,2980.0,1.0,2.0,72.96118,79.30469,3477.0,0.0,0.0,94.24048,132.53345,1611.0,0.0,1.0,160.95337,83.147705,1721.0,2.0,0.0,104.76929,182.36304,3797.0,1.0,1.0,175.43994,172.94385,3448.0,1.0,3.0,174.74585,104.032715,3105.0,0.0,0.0,135.20728,131.86206,1408.0,1.0,1.0,101.81006,173.4458,1250.0,0.0,1.0,farm
19,121.7351804,28.464586925825675,132.8272955,34.44947673512896,28685,9,9,0,0,26,9,15022,13663,1359,1359,99.822754,132.021,4687.0,3.0,0.0,121.7334,127.980225,3300.0,1.0,2.0,81.19849,153.49097,3540.0,0.0,0.0,116.98999,131.67871,1725.0,0.0,1.0,162.5747,79.84326,1770.0,2.0,0.0,97.49341,183.66895,4008.0,1.0,1.0,138.01685,119.02368,3545.0,1.0,3.0,161.19995,88.02466,3304.0,0.0,0.0,142.12695,128.52856,1544.0,1.0,1.0,96.19531,184.01294,1262.0,0.0,1.0,farm
20,128.0232416,34.819646595860256,144.77580600000002,35.292566997747464,30471,9,9,0,0,26,8,15873,14598,1275,1275,96.139404,129.44556,5043.0,3.0,0.0,95.32788,168.3999,3400.0,1.0,2.0,104.641846,182.31055,3796.0,0.0,0.0,85.350586,166.21313,1770.0,0.0,1.0,167.50195,89.82495,1864.0,2.0,0.0,122.54443,184.60547,4155.0,1.0,1.0,124.36865,125.04346,4041.0,1.0,3.0,176.43579,96.15332,3449.0,0.0,0.0,129.80298,129.88452,1646.0,1.0,1.0,178.1189,175.8772,1307.0,0.0,1.0,gang
21,127.3605724,30.23136430418152,143.04243200000002,35.73440346974469,33153,9,9,0,0,27,8,17777,15376,2401,2401,122.552,123.991455,5569.0,3.0,0.0,97.46973,153.9524,3829.0,1.0,2.0,93.177734,171.344,4169.0,0.0,0.0,91.139404,164.34204,1949.0,0.0,1.0,162.91724,86.61328,2261.0,2.0,0.0,137.20288,191.83325,4411.0,1.0,1.0,157.0564,123.3479,4254.0,1.0,3.0,174.1189,97.470215,3673.0,0.0,0.0,130.36084,133.94531,1686.0,1.0,1.0,107.610596,183.58447,1352.0,0.0,1.0,push
22,129.0374499,28.870611481550903,151.1900865,37.77561735510061,35153,9,9,0,0,30,8,18734,16419,2315,2315,93.148926,130.53564,5856.0,3.0,0.0,93.81201,167.82764,4043.0,1.0,2.0,121.45801,185.93481,4289.0,0.0,0.0,123.33032,188.62378,2098.0,0.0,1.0,171.781,90.64868,2448.0,2.0,0.0,123.361084,184.0935,4646.0,1.0,1.0,149.69092,122.883545,4739.0,1.0,3.0,177.3247,96.26904,3847.0,0.0,0.0,114.241455,167.3562,1840.0,1.0,1.0,122.226074,177.72803,1347.0,0.0,1.0,gang
23,128.9561276,24.7636159484197,147.10236700000002,33.58626707027543,36870,10,11,0,0,32,8,20037,16833,3204,3204,126.013916,123.4104,6270.0,3.0,0.0,113.8938,141.73022,4395.0,1.0,2.0,100.83325,154.35767,4456.0,0.0,0.0,124.45654,186.76733,2423.0,1.0,2.0,166.99072,88.72363,2493.0,2.0,0.0,122.77173,185.19604,4575.0,1.0,2.0,143.07617,151.29956,4857.0,1.0,3.0,173.55762,102.06348,4128.0,0.0,0.0,108.23511,161.85571,1835.0,1.0,1.0,109.73242,175.61963,1438.0,0.0,1.0,def
24,125.552173,34.65666079424272,135.450879,31.2037277151744,39062,10,11,0,1,32,8,21181,17881,3300,3300,130.37842,121.21265,6699.0,3.0,0.0,123.913574,126.66528,4619.0,1.0,2.0,85.51465,154.24268,4696.0,0.0,0.0,89.10303,155.6289,2461.0,1.0,2.0,167.96484,76.22217,2706.0,2.0,0.0,96.895996,171.97412,4958.0,1.0,2.0,144.1062,152.55396,5161.0,1.0,3.0,182.8081,92.48779,4258.0,0.0,0.0,90.23926,162.02002,1960.0,1.0,1.0,144.59766,141.50122,1544.0,0.0,1.0,push
25,133.2517826,31.714605243710327,132.53337449999998,33.523354419240526,42314,11,12,0,1,32,10,23637,18677,4960,4960,141.44507,90.57129,7111.0,3.0,0.0,120.73706,109.80298,5004.0,1.0,2.0,92.562256,174.46973,5548.0,1.0,0.0,102.54419,126.946045,2762.0,1.0,2.0,170.281,92.41675,3212.0,2.0,0.0,114.97974,168.47192,5140.0,1.0,2.0,168.13501,168.66162,5463.0,1.0,3.0,173.40039,102.41431,4495.0,0.0,0.0,96.53125,162.85107,1988.0,1.0,2.0,151.90186,128.72803,1591.0,0.0,1.0,farm
26,133.513818,32.83057122985925,123.516332,35.683200438625384,43991,11,12,0,1,32,8,24256,19735,4521,4521,163.79126,70.33496,7251.0,3.0,0.0,115.14917,94.71875,5178.0,1.0,2.0,93.46045,128.77539,5594.0,1.0,0.0,92.48633,126.052246,2809.0,1.0,2.0,181.06372,89.8042,3424.0,2.0,0.0,123.00537,183.05762,5536.0,1.0,2.0,137.48535,129.44897,5753.0,1.0,3.0,178.22656,107.923584,4681.0,0.0,0.0,107.40796,176.24194,2035.0,1.0,2.0,143.06201,128.80566,1730.0,0.0,1.0,farm
27,138.6595936,27.99132345072873,134.5289795,23.99227545025278,45678,11,12,0,1,34,9,25368,20310,5058,5058,164.3169,93.907715,7683.0,3.0,0.0,134.25781,131.72583,5643.0,1.0,2.0,147.28271,136.3435,5725.0,1.0,0.0,136.39868,139.45825,2807.0,1.0,2.0,133.9707,128.23755,3510.0,2.0,0.0,94.41577,183.6084,5761.0,1.0,2.0,147.16626,135.20972,5815.0,1.0,3.0,185.1289,111.20825,4914.0,0.0,0.0,94.291016,156.31885,2033.0,1.0,2.0,149.36719,129.27173,1787.0,0.0,1.0,farm
28,149.43730399999998,35.139337076566804,128.9063236,15.87388630290476,47819,13,14,0,1,37,9,26763,21056,5707,5707,180.66943,111.29736,8006.0,3.0,0.0,105.7771,134.9812,6241.0,3.0,2.0,174.80908,118.17944,5870.0,1.0,0.0,168.26782,115.377686,3150.0,1.0,2.0,183.15552,115.34131,3496.0,2.0,0.0,84.32715,158.05469,6322.0,1.0,2.0,147.20166,135.4751,5752.0,1.0,4.0,183.80444,116.15869,5038.0,0.0,0.0,124.75244,137.89307,2080.0,1.0,3.0,141.6084,146.30469,1864.0,0.0,1.0,gang
29,154.812599,36.091259437812006,127.8849125,18.71775058107429,50485,15,16,0,2,37,9,28888,21597,7291,7291,170.11353,114.76343,8640.0,4.0,0.0,66.00757,131.0542,6682.0,3.0,2.0,173.94214,110.532715,6110.0,1.0,0.0,162.6228,114.93262,3641.0,2.0,2.0,176.05054,113.18237,3815.0,2.0,0.0,132.12451,159.8418,6688.0,1.0,2.0,132.52002,136.84277,5956.0,1.0,4.0,182.63916,115.56348,4960.0,0.0,1.0,180.32178,159.57544,2128.0,1.0,3.0,171.78394,122.5603,1865.0,0.0,2.0,push
30,136.038452,25.950811221649406,121.782692,21.14489819235459,51741,15,16,0,2,41,9,29574,22167,7407,7407,146.41504,115.84473,9104.0,4.0,0.0,74.2522,80.98926,6828.0,3.0,2.0,132.92871,114.79834,6179.0,1.0,0.0,141.68188,116.78638,3601.0,2.0,2.0,148.84619,119.23218,3862.0,2.0,0.0,107.02881,160.51343,7023.0,1.0,2.0,149.85791,121.01343,6100.0,1.0,4.0,151.49756,121.92114,5007.0,0.0,1.0,150.94531,117.94629,2125.0,1.0,3.0,156.93091,148.78174,1912.0,0.0,2.0,team_fight
31,134.353881,19.63230371025121,130.2833014,20.58769310597976,54098,17,18,0,2,44,9,30459,23639,6820,6820,126.56909,123.85156,9655.0,5.0,0.0,130.33423,120.53638,6978.0,3.0,2.0,127.12988,126.163574,6236.0,1.0,1.0,136.40698,132.00586,3683.0,2.0,2.0,137.43335,123.96338,3907.0,2.0,0.0,95.91992,185.40161,7272.0,1.0,2.0,129.40308,122.75098,6558.0,1.0,5.0,175.50488,107.40015,5304.0,0.0,1.0,141.6997,130.43628,2596.0,2.0,3.0,143.1377,130.32324,1909.0,0.0,2.0,team_fight
32,129.5613529,31.2019319412864,134.772632,27.076921925188856,56507,19,20,0,2,44,7,32429,24078,8351,8351,127.39526,134.91602,10356.0,5.0,0.0,135.17236,106.03467,7488.0,4.0,2.0,77.438965,92.08545,6348.0,1.0,1.0,129.2085,135.72119,3916.0,2.0,2.0,117.42383,162.24658,4321.0,3.0,0.0,93.815674,188.26367,7501.0,1.0,2.0,129.40308,122.75098,6606.0,1.0,5.0,191.15186,126.8396,5465.0,0.0,1.0,138.32837,133.01416,2579.0,2.0,4.0,156.27563,145.854,1927.0,0.0,3.0,gang
33,121.385107,28.97878225434671,138.880713,30.24621628828346,58835,19,20,0,2,47,9,33920,24915,9005,9005,100.596924,132.57422,10547.0,5.0,0.0,87.98535,80.98071,7990.0,4.0,2.0,79.711426,154.17847,6770.0,1.0,1.0,102.17578,127.6145,4093.0,2.0,2.0,109.25,126.25,4520.0,3.0,0.0,146.50098,183.3186,7895.0,1.0,2.0,149.95947,124.3147,6820.0,1.0,5.0,162.49292,124.36572,5600.0,0.0,1.0,130.69751,155.92017,2626.0,2.0,4.0,144.48071,179.29004,1974.0,0.0,3.0,farm
34,132.526198,25.75768396721336,156.984814,21.3143832451632,61631,19,20,0,2,49,9,35600,26031,9569,9569,114.69263,154.38354,11141.0,5.0,0.0,116.82886,151.78906,8314.0,4.0,2.0,112.64258,188.479,7170.0,1.0,1.0,106.63306,172.64917,4221.0,2.0,2.0,123.67041,148.33838,4754.0,3.0,0.0,125.37256,174.15723,8487.0,1.0,2.0,152.6748,140.27905,7217.0,1.0,5.0,190.12012,127.02173,5677.0,0.0,1.0,154.23267,131.17188,2629.0,2.0,4.0,128.39429,181.5791,2021.0,0.0,3.0,farm
35,128.761229,9.303864539633755,169.488283,7.743247759344983,65041,22,23,0,2,52,10,35587,29454,6133,6133,133.7539,169.13135,11128.0,5.0,1.0,112.87427,179.1355,8490.0,4.0,2.0,111.13281,184.32642,7255.0,1.0,1.0,136.30615,168.87256,4050.0,2.0,3.0,130.53369,163.74756,4664.0,3.0,1.0,127.89453,173.28003,9542.0,3.0,2.0,130.5957,158.55298,7928.0,1.0,5.0,135.61841,163.0149,6061.0,0.0,1.0,137.19116,165.3584,3439.0,3.0,4.0,131.71167,169.46313,2484.0,0.0,3.0,team_fight
36,118.1703121,30.26715497615124,140.310546,36.98868095178704,66824,23,24,0,2,52,8,36419,30405,6014,6014,133.7539,169.13135,11249.0,5.0,1.0,108.77124,176.68994,8984.0,5.0,2.0,96.565186,166.03296,7403.0,1.0,1.0,79.234375,81.57031,4072.0,2.0,3.0,73.703125,78.97656,4711.0,3.0,1.0,129.72559,168.29565,9950.0,3.0,2.0,140.24316,126.22485,8145.0,1.0,5.0,159.16089,125.90527,6256.0,0.0,1.0,156.34668,137.02051,3523.0,3.0,4.0,104.198975,173.25806,2531.0,0.0,4.0,gang
37,132.8057875,25.237917401425893,152.97665999999998,23.7738216516758,69033,23,24,0,2,52,10,37514,31519,5995,5995,104.133545,140.9563,11558.0,5.0,1.0,124.50806,173.98267,9209.0,5.0,2.0,114.33276,181.17969,7484.0,1.0,1.0,104.9834,144.18994,4119.0,2.0,3.0,120.52368,166.8601,5144.0,3.0,1.0,163.4624,117.65625,10080.0,3.0,2.0,136.2898,140.33594,8582.0,1.0,5.0,177.6897,118.33374,6671.0,0.0,1.0,125.69849,170.36157,3608.0,3.0,4.0,156.43604,175.9104,2578.0,0.0,4.0,gang
38,129.939795,13.264886596197629,141.840722,17.223146243936966,72109,24,25,1,2,54,10,39604,32505,7099,7099,116.63013,138.53955,12020.0,5.0,1.0,121.14307,149.97754,9942.0,6.0,2.0,118.10278,111.27515,7788.0,1.0,1.0,121.53711,147.5332,4302.0,2.0,3.0,131.36572,145.7102,5552.0,3.0,1.0,134.21777,141.9419,10426.0,3.0,2.0,137.42114,149.3247,8768.0,1.0,5.0,161.823,115.32031,7042.0,0.0,1.0,125.27588,170.24414,3693.0,3.0,5.0,131.88135,148.54053,2576.0,0.0,4.0,Roshan
39,140.74228599999998,7.79276844621017,146.25410200000002,3.4126413766263552,74499,27,28,1,2,56,10,41143,33356,7787,7787,138.60864,143.38818,12643.0,6.0,1.0,136.40479,147.97437,10333.0,7.0,2.0,137.0249,141.54224,8031.0,1.0,1.0,132.45044,150.41699,4675.0,2.0,3.0,131.14209,145.92847,5461.0,3.0,2.0,154.89185,145.71167,10837.0,4.0,2.0,147.7002,147.35327,8966.0,1.0,5.0,150.51465,151.16577,7039.0,0.0,1.0,139.79077,141.18091,3809.0,3.0,6.0,138.89453,147.87915,2705.0,0.0,5.0,gang
40,149.338941,20.08691615208237,138.27622,28.12810940575439,76807,27,28,1,3,57,10,42848,33959,8889,8889,141.00049,141.96826,13090.0,6.0,1.0,146.927,103.3457,10769.0,7.0,2.0,169.97949,101.47656,8447.0,1.0,1.0,128.53247,151.052,4853.0,2.0,3.0,129.49976,115.87329,5689.0,3.0,2.0,177.17798,137.26733,11067.0,4.0,2.0,124.36719,190.04224,9208.0,1.0,5.0,162.97827,125.19263,7037.0,0.0,1.0,174.03223,168.66504,3894.0,3.0,6.0,138.89453,147.87915,2753.0,0.0,5.0,push
41,181.521558,10.497344964608702,126.1589595,18.446719256420856,78371,27,28,1,3,57,10,43724,34647,9077,9077,179.48584,118.17334,13216.0,6.0,1.0,181.97754,111.963135,11019.0,7.0,2.0,170.69702,113.19824,8591.0,1.0,1.0,159.74146,118.803955,4900.0,2.0,3.0,177.3562,111.12842,5998.0,3.0,2.0,181.30566,173.92334,11309.0,4.0,2.0,191.6106,128.73291,9292.0,1.0,5.0,192.48096,123.424805,7271.0,0.0,1.0,191.53174,129.62524,4025.0,3.0,6.0,189.02856,132.61621,2750.0,0.0,5.0,farm
42,187.754223,4.285120616422597,132.645996,7.048726234363513,80087,29,30,1,3,58,10,45454,34633,10821,10821,190.82153,138.406,14013.0,8.0,1.0,181.58301,135.18848,11274.0,7.0,2.0,190.68042,130.91577,8846.0,1.0,1.0,184.00342,131.5354,5118.0,2.0,3.0,190.70972,135.29028,6203.0,3.0,2.0,193.88037,121.00098,11231.0,4.0,3.0,188.73364,121.22803,9106.0,1.0,6.0,180.98193,133.88257,7318.0,0.0,1.0,189.03442,135.34277,4133.0,3.0,6.0,187.11377,143.66968,2845.0,0.0,5.0,team_fight
43,168.455175,35.87948462136894,132.309987,9.01285515078453,83029,33,34,1,3,58,9,47746,35283,12463,12463,79.56299,148.71289,14934.0,11.0,1.0,131.18823,130.63794,11928.0,7.0,2.0,179.54443,128.64038,9147.0,1.0,1.0,185.43286,131.67847,5191.0,2.0,4.0,176.93066,129.31836,6546.0,3.0,2.0,193.88037,121.00098,11279.0,4.0,3.0,188.73364,121.22803,9154.0,1.0,6.0,174.57056,130.35498,7630.0,1.0,2.0,188.57007,136.35059,4398.0,3.0,7.0,186.13794,145.17725,2822.0,0.0,6.0,push
44,128.852124,37.176912795704624,145.35888649999998,34.1206127465875,85473,33,34,1,4,59,9,49616,35857,13759,13759,85.39624,168.66455,15737.0,11.0,1.0,150.23438,129.06543,12353.0,7.0,2.0,115.41089,96.984375,9460.0,1.0,1.0,94.08301,100.89722,5348.0,2.0,4.0,80.04004,178.75732,6718.0,3.0,2.0,139.59546,191.86328,11544.0,4.0,3.0,144.906,140.35474,9201.0,1.0,6.0,174.57056,130.35498,7677.0,1.0,2.0,189.3789,131.0476,4566.0,3.0,7.0,114.90576,185.59937,2869.0,0.0,6.0,push
45,126.2189945,35.481830425024306,145.8097164,27.298807258934083,90586,33,34,1,4,61,8,53340,37246,16094,16094,102.12427,175.56128,16391.0,11.0,1.0,111.90625,163.7898,13099.0,7.0,2.0,68.58496,105.38818,9799.0,1.0,1.0,101.60791,128.4143,5570.0,2.0,4.0,97.816895,178.69751,8481.0,3.0,2.0,152.10864,148.15723,11669.0,4.0,3.0,144.896,140.177,9544.0,1.0,6.0,179.19067,115.003174,8169.0,1.0,2.0,170.13062,124.71045,4842.0,3.0,7.0,133.82373,178.19824,3022.0,0.0,6.0,farm
46,154.026173,27.827560745543483,120.3367423,27.87580592201154,93154,33,34,1,4,64,10,54843,38311,16532,16532,167.9524,95.07959,16686.0,11.0,1.0,165.74536,85.816895,13521.0,7.0,2.0,98.5459,133.27148,10197.0,1.0,1.0,164.2019,94.204834,5754.0,2.0,4.0,111.23242,141.05786,8685.0,3.0,2.0,163.36206,111.95825,11996.0,4.0,3.0,166.64038,98.528564,9849.0,1.0,6.0,191.04517,130.26636,8519.0,1.0,2.0,154.66895,139.11035,4877.0,3.0,7.0,156.86719,174.07324,3070.0,0.0,6.0,farm
47,141.8439946,11.1608123674512,152.8335704,25.382262347938383,95376,34,35,1,4,64,10,56220,39156,17064,17064,150.09644,127.88916,17119.0,11.0,1.0,137.60547,153.68481,13928.0,7.0,2.0,144.28442,160.21582,10193.0,1.0,1.0,141.0708,149.4314,6253.0,3.0,4.0,142.35718,153.54639,8727.0,3.0,2.0,124.041016,187.32666,12453.0,4.0,3.0,166.64038,98.528564,9650.0,1.0,7.0,138.00122,159.94873,8731.0,1.0,2.0,141.52759,154.6648,4962.0,3.0,7.0,132.81543,183.09937,3360.0,0.0,6.0,farm
48,149.2984116,23.20456990696863,161.987158,10.66894990472696,97840,37,38,1,4,65,9,58337,39503,18834,18834,158.58325,156.35425,17484.0,11.0,1.0,166.44507,155.00659,14677.0,9.0,2.0,158.88232,155.2976,10466.0,1.0,1.0,149.28394,151.6582,6457.0,3.0,4.0,144.9956,171.1023,9253.0,4.0,2.0,92.288086,187.98218,12737.0,4.0,3.0,171.31567,162.70508,9698.0,1.0,7.0,138.86035,162.56152,8561.0,1.0,3.0,141.72021,156.37134,5047.0,3.0,8.0,170.60962,160.83252,3460.0,0.0,7.0,push
49,156.94946299999998,15.92596247954964,168.614525,6.672569254566302,101844,37,38,1,5,65,10,61310,40534,20776,20776,144.97949,163.23047,18465.0,11.0,1.0,145.87793,163.84448,15094.0,9.0,2.0,145.56055,164.73242,10883.0,1.0,1.0,138.74634,165.06445,6874.0,3.0,4.0,144.19238,159.79492,9994.0,4.0,2.0,156.01978,176.0769,13292.0,4.0,3.0,158.92236,165.0188,9995.0,1.0,7.0,180.67822,177.729,8608.0,1.0,3.0,177.65576,176.25049,5132.0,3.0,8.0,176.86182,174.40332,3507.0,0.0,7.0,push
50,150.16643,16.43153071785529,154.7362795,25.22874735450376,104248,37,38,1,5,68,10,63054,41194,21860,21860,134.19067,163.78564,19115.0,11.0,1.0,152.85571,147.5127,15299.0,9.0,2.0,152.05005,117.73511,11150.0,1.0,1.0,132.62695,179.85449,6993.0,3.0,4.0,134.02002,126.700195,10497.0,4.0,2.0,147.48413,177.6482,13447.0,4.0,3.0,189.73169,117.78613,10226.0,1.0,7.0,153.39136,172.18628,8680.0,1.0,3.0,152.33862,169.6145,5191.0,3.0,8.0,152.9751,174.53955,3650.0,0.0,7.0,farm
51,158.068555,9.24718691836875,174.782055,3.386754543873824,107020,40,41,1,5,68,10,65158,41862,23296,23296,153.89844,179.17944,20088.0,13.0,1.0,168.74341,171.56421,15853.0,10.0,2.0,161.62329,175.6875,11312.0,1.0,1.0,152.15479,171.32886,7263.0,3.0,4.0,152.75171,173.73071,10642.0,4.0,2.0,140.97388,180.03052,13695.0,4.0,4.0,161.39355,176.49365,10547.0,1.0,7.0,154.53271,176.93872,8773.0,1.0,3.0,173.46704,170.3999,5245.0,3.0,9.0,161.14673,172.46704,3602.0,0.0,8.0,gang
